,county_number ,county_name     ,region ,location1 ,location2 ,1/1/2010 ,2/1/2010 ,3/1/2010 ,4/1/2010 ,5/1/2010 ,6/1/2010 ,7/1/2010 ,8/1/2010 ,9/1/2010 ,10/1/2010 ,11/1/2010 ,12/1/2010 ,1/1/2011 ,2/1/2011 ,3/1/2011 ,4/1/2011 ,5/1/2011 ,6/1/2011 ,7/1/2011 ,8/1/2011 ,9/1/2011 ,10/1/2011 ,11/1/2011 ,12/1/2011 ,1/1/2012 ,2/1/2012 ,3/1/2012 ,4/1/2012 ,5/1/2012 ,6/1/2012 ,7/1/2012 ,8/1/2012 ,9/1/2012 ,10/1/2012 ,11/1/2012 ,12/1/2012 ,1/1/2013 ,2/1/2013 ,3/1/2013 ,4/1/2013 ,5/1/2013 ,6/1/2013 ,7/1/2013 ,8/1/2013 ,9/1/2013 ,10/1/2013 ,11/1/2013 ,12/1/2013 ,1/1/2014 ,2/1/2014 ,3/1/2014 ,4/1/2014 ,5/1/2014 ,6/1/2014 ,7/1/2014 ,8/1/2014 ,9/1/2014 ,10/1/2014 ,11/1/2014 ,12/1/2014 ,1/1/2015 ,2/1/2015 ,3/1/2015 ,4/1/2015 ,5/1/2015 ,6/1/2015 ,7/1/2015 ,8/1/2015 ,9/1/2015 ,10/1/2015 ,11/1/2015 ,12/1/2015 ,1/1/2016 ,2/1/2016 ,3/1/2016 ,4/1/2016 ,5/1/2016 ,6/1/2016 ,7/1/2016 ,8/1/2016 ,9/1/2016 ,10/1/2016 ,11/1/2016 ,12/1/2016 ,1/1/2017 ,2/1/2017 ,3/1/2017 ,4/1/2017 ,5/1/2017 ,6/1/2017 ,7/1/2017 ,8/1/2017 ,9/1/2017 ,10/1/2017 ,11/1/2017 ,12/1/2017 ,1/1/2018 ,2/1/2018 ,3/1/2018 ,4/1/2018 ,5/1/2018 ,6/1/2018 ,7/1/2018 ,8/1/2018 ,9/1/2018 ,10/1/2018 ,11/1/2018 ,12/1/2018 ,1/1/2019 ,2/1/2019 ,3/1/2019 ,4/1/2019 ,5/1/2019 ,6/1/2019 ,7/1/2019 ,8/1/2019 ,9/1/2019 ,10/1/2019 ,11/1/2019 ,12/1/2019 ,1/1/2020 ,2/1/2020 ,3/1/2020 ,4/1/2020 ,5/1/2020 ,6/1/2020 ,7/1/2020 ,8/1/2020 ,9/1/2020 ,10/1/2020 ,11/1/2020 ,12/1/2020 ,1/1/2021 ,2/1/2021 ,3/1/2021 ,4/1/2021 ,5/1/2021 ,6/1/2021 ,7/1/2021 ,8/1/2021 ,9/1/2021 ,10/1/2021 ,11/1/2021 ,12/1/2021 ,1/22/2022 ,2/22/2022 ,3/22/2022 ,4/22/2022 ,5/22/2022 ,6/22/2022 ,7/22/2022 ,8/22/2022 ,9/22/2022 ,10/22/2022
0,1,Alameda         ,3,Coastal   ,North     ,383330   ,410230   ,432720   ,407830   ,472370   ,474520   ,458180   ,440480   ,424770   ,444670    ,434420    ,412210    ,363750   ,392660   ,420420   ,390960   ,415830   ,415300   ,420150   ,407420   ,390440   ,391710    ,396990    ,383430    ,340600   ,360670   ,372220   ,412590   ,430340   ,459760   ,473600   ,466760   ,454170   ,460670    ,467840    ,463010    ,466830   ,451580   ,523280   ,573000   ,593160   ,604600   ,614810   ,607240   ,604100   ,588600    ,607900    ,585440    ,559110   ,572630   ,623110   ,656140   ,680020   ,695210   ,688870   ,691500   ,652610   ,659660    ,670320    ,645680    ,610130   ,651950   ,713060   ,742340   ,763740   ,750000   ,765000   ,735000   ,731000   ,710000    ,730000    ,731500    ,  700000 ,  715000 ,  758000 ,  800000 ,  828000 ,  803000 ,  800000 ,  775000 ,  760000 ,   775000 ,   800000 ,   755000 ,  755000 ,  786000 ,  833750 ,  875000 ,  862000 ,  900000 ,  875500 ,  867500 ,  853000 ,   862450 ,   880000 ,   862000 ,  840000 ,  832000 ,  955000 ,  969300 , 1025000 , 1015000 ,  970000 ,  960000 ,  900000 ,   900000 ,   900000 ,   850000 ,  826000 ,  860000 ,  911000 ,  940000 ,  959000 ,  960000 ,  950000 ,  905500 ,  910000 ,   925000 ,   910000 ,   881500 ,  875000 ,  945000 ,  970500 , 1030000 ,  955000 ,  976000 , 1027500 , 1028220 , 1050000 ,  1049000 ,  1049040 ,  1060000 , 1060000 , 1100000 , 1163000 , 1300000 , 1312500 , 1300000 , 1300000 , 1300000 , 1300000 ,  1280000 ,  1300000 ,  1200000 ,  1250000 ,  1350000 ,  1430000 ,  1500000 ,  1545000 ,  1420000 ,  1340000 ,  1230000 ,  1240000 ,1250000.0
2,3,Amador          ,4,Inland    ,North     ,170000   ,190000   ,186000   ,170000   ,208330   ,188000   ,200000   ,172500   ,167500   ,186670    ,137500    ,173330    ,160000   ,200000   ,170000   ,130000   ,171250   ,152500   ,170000   ,145000   ,130000   ,147140    ,190000    ,142220    ,135000   ,176670   ,118750   ,183330   ,160000   ,146670   ,200000   ,175000   ,196670   ,192000    ,186670    ,177500    ,184000   ,225000   ,200000   ,193330   ,219440   ,233330   ,196670   ,213890   ,252780   ,198000    ,212500    ,192000    ,180000   ,206250   ,214290   ,190000   ,242860   ,238890   ,247500   ,211110   ,225000   ,265000    ,231250    ,229540    ,210710   ,271430   ,250000   ,227500   ,233330   ,256250   ,287000   ,335000   ,240500   ,267000    ,285000    ,275000    ,  215500 ,  275000 ,  307000 ,  235000 ,  268500 ,  319000 ,  275000 ,  257500 ,  243500 ,   276500 ,   275000 ,   272500 ,  295000 ,  265000 ,  314900 ,  327000 ,  350000 ,  337500 ,  320000 ,  334500 ,  315000 ,   309000 ,   348950 ,   305000 ,  330000 ,  318500 ,  340000 ,  335000 ,  331500 ,  335000 ,  327000 ,  335000 ,  325500 ,   325000 ,   312500 ,   314720 ,  324000 ,  316000 ,  320000 ,  336500 ,  342750 ,  320000 ,  312500 ,  329000 ,  325000 ,   322000 ,   348500 ,   300000 ,  335000 ,  328000 ,  335000 ,  350000 ,  321000 ,  337500 ,  355000 ,  353500 ,  359900 ,   366500 ,   360000 ,   355000 ,  386250 ,  406280 ,  430000 ,  415000 ,  427500 ,  461000 ,  416000 ,  425000 ,  432500 ,   430640 ,   432500 ,   399000 ,   400000 ,   449000 ,   440000 ,   445000 ,   445000 ,   424750 ,   395000 ,   447450 ,   400000 ,365000.0
3,4,Butte           ,4,Inland    ,North     ,250000   ,219230   ,250000   ,238000   ,236760   ,229464   ,235710   ,243420   ,225000   ,244050    ,208930    ,230000    ,180000   ,190000   ,222370   ,217040   ,222620   ,221050   ,196430   ,201320   ,197690   ,186150    ,207950    ,198750    ,194000   ,177860   ,200000   ,197620   ,211290   ,221050   ,215740   ,226090   ,207140   ,210940    ,223860    ,236460    ,208930   ,211760   ,250000   ,234000   ,238300   ,265000   ,239280   ,281820   ,250000   ,248330    ,255950    ,231100    ,227500   ,217650   ,221550   ,231670   ,237880   ,245000   ,276140   ,241450   ,235710   ,233780    ,241910    ,231820    ,231730   ,247320   ,233930   ,253850   ,261110   ,253660   ,265000   ,264250   ,248000   ,262000    ,235000    ,256500    ,  260000 ,  264960 ,  286810 ,  272750 ,  271000 ,  275000 ,  288750 ,  264120 ,  275000 ,   293000 ,   279000 ,   294250 ,  264000 ,  290000 ,  287500 ,  302900 ,  308000 ,  306500 ,  299900 ,  291000 ,  311900 ,   307700 ,   315000 ,   304000 ,  314750 ,  297000 ,  315000 ,  316000 ,  324100 ,  323000 ,  315000 ,  315000 ,  320000 ,   318000 ,   326940 ,   356560 ,  376000 ,  345450 ,  369000 ,  360000 ,  359000 ,  384000 ,  374280 ,  353150 ,  358750 ,   358250 ,   350000 ,   351720 ,  355860 ,  338750 ,  365000 ,  377500 ,  362000 ,  390000 ,  395000 ,  415000 ,  403300 ,   401500 ,   405000 ,   408460 ,  420000 ,  397000 ,  406000 ,  438500 ,  449000 ,  438000 ,  454500 ,  435000 ,  440880 ,   460000 ,   435000 ,   439500 ,   456000 ,   426500 ,   465000 ,   467250 ,   500000 ,   445000 ,   450000 ,   441000 ,   429780 ,438750.0
4,5,Calaveras       ,1,Inland    ,North     ,166000   ,193333   ,185000   ,193333   ,191999   ,192499   ,201667   ,203125   ,172222   ,194999    ,180000    ,182000    ,163333   ,153333   ,170000   ,157142   ,147500   ,198332   ,150000   ,163750   ,161429   ,180000    ,148571    ,161429    ,156249   ,170000   ,154285   ,133749   ,170000   ,152999   ,191249   ,166666   ,154999   ,171111    ,180000    ,156249    ,180000   ,190000   ,213235   ,202941   ,210000   ,190000   ,223684   ,225000   ,207692   ,217857    ,202273    ,202500    ,204167   ,220454   ,238888   ,239062   ,243332   ,253409   ,240789   ,240000   ,233330   ,247370    ,230550    ,243750    ,228120   ,230000   ,258330   ,258330   ,296870   ,256580   ,270000   ,249000   ,262000   ,246940    ,246250    ,270000    ,  258750 ,  262500 ,  270000 ,  276000 ,  287500 ,  315000 ,  291000 ,  310000 ,  285000 ,   300050 ,   268500 ,   288000 ,  285000 ,  294500 ,  292000 ,  318500 ,  300000 ,  310000 ,  324500 ,  345000 ,  340000 ,   298000 ,   318000 ,   285000 ,  306500 ,  311500 ,  325000 ,  340000 ,  329000 ,  313000 ,  330000 ,  340000 ,  328000 ,   302500 ,   325000 ,   310000 ,  335000 ,  340000 ,  308250 ,  340000 ,  375000 ,  330000 ,  325500 ,  346360 ,  330000 ,   356110 ,   343500 ,   339500 ,  343500 ,  355000 ,  352000 ,  332250 ,  330000 ,  363000 ,  349900 ,  381000 ,  392000 ,   393640 ,   407120 ,   397500 ,  398500 ,  441500 ,  435850 ,  475000 ,  473800 ,  488280 ,  463500 ,  485000 ,  468500 ,   432000 ,   465320 ,   489000 ,   467500 ,   510000 ,   492000 ,   504500 ,   525000 ,   495000 ,   459900 ,   464950 ,   450000 ,414500.0
6,7,Contra-Costa    ,4,Coastal   ,North     ,274100   ,278350   ,287800   ,298850   ,308330   ,326970   ,318110   ,313200   ,310840   ,289830    ,281400    ,287080    ,257930   ,267270   ,273350   ,286320   ,283950   ,299360   ,292620   ,294060   ,282000   ,275710    ,279330    ,275180    ,258430   ,252150   ,283010   ,317140   ,345180   ,341100   ,364020   ,334080   ,352260   ,330370    ,346370    ,360110    ,339340   ,346670   ,386410   ,462720   ,484640   ,491080   ,508720   ,482530   ,454760   ,446060    ,457080    ,451490    ,397760   ,441280   ,464350   ,494280   ,519670   ,510990   ,546580   ,538510   ,499220   ,490480    ,457630    ,483330    ,442440   ,476340   ,491780   ,553030   ,557060   ,555000   ,550000   ,560000   ,525000   ,505000    ,550000    ,500000    ,  500000 ,  529000 ,  548780 ,  565000 ,  595000 ,  625000 ,  625000 ,  570000 ,  549900 ,   535650 ,   569000 ,   550000 ,  540000 ,  554250 ,  585000 ,  653694 ,  653000 ,  660000 ,  633250 ,  627860 ,  605000 ,   615000 ,   615000 ,   600000 ,  555000 ,  610000 ,  655000 ,  689660 ,  687500 ,  702370 ,  680000 ,  650000 ,  650000 ,   657000 ,   641000 ,   612500 ,  595000 ,  649480 ,  644000 ,  679000 ,  700360 ,  698000 ,  660000 ,  672750 ,  656000 ,   681250 ,   640000 ,   665000 ,  614000 ,  635250 ,  711000 ,  710000 ,  690000 ,  750500 ,  785000 ,  805000 ,  783000 ,   787250 ,   810000 ,   763000 ,  765000 ,  817500 ,  920000 ,  990000 , 1015000 ,  990000 ,  940000 ,  889500 ,  897000 ,   900500 ,   876000 ,   830000 ,   829000 ,   935000 ,   965900 ,  1050000 ,  1025000 ,   976940 ,   902500 ,   870000 ,   882000 ,867000.0
7,8,Del Norte       ,1,Coastal   ,North     ,185000   ,194999   ,190000   ,160000   ,150000   ,140000   ,150000   ,185000   ,95000    ,140000    ,125000    ,150000    ,225000   ,216666   ,140000   ,125000   ,160000   ,208333   ,173333   ,110000   ,190000   ,163333    ,250000    ,154999    ,140000   ,120000   ,146666   ,134999   ,153333   ,160000   ,180000   ,180000   ,170000   ,237499    ,150000    ,180000    ,140000   ,160000   ,165000   ,140000   ,147500   ,137499   ,156666   ,110000   ,125000   ,180000    ,140000    ,125000    ,130000   ,225000   ,160000   ,160000   ,170000   ,200000   ,163333   ,157500   ,140000   ,157500    ,132500    ,155000    ,160000   ,200000   ,140000   ,132220   ,170000   ,212500   ,206000   ,190000   ,216500   ,249000    ,265000    ,195000    ,  157000 ,  175000 ,  199000 ,  315000 ,  189500 ,  198750 ,  201280 ,  174500 ,  239500 ,   264500 ,   225000 ,   232250 ,  218500 ,  265000 ,  130000 ,  239000 ,  220000 ,  165000 ,  204900 ,  214950 ,  224300 ,   220000 ,   214000 ,   251500 ,  198500 ,  216500 ,  200000 ,  239000 ,  214000 ,  312500 ,  210000 ,  249900 ,  205000 ,   223000 ,   250000 ,   243900 ,  217000 ,  245000 ,  253020 ,  216500 ,  256850 ,  353500 ,  275000 ,  264180 ,  280000 ,   247500 ,   252500 ,   276780 ,  227000 ,  297000 ,  233500 ,  240000 ,  338450 ,  242000 ,  332000 ,  283500 ,  308000 ,   325000 ,   308750 ,   346000 ,  399000 ,  359000 ,  309000 ,  364170 ,  415000 ,  358500 ,  355000 ,  357500 ,  437500 ,   360100 ,   384390 ,   291000 ,   372500 ,   390000 ,   398000 ,   357500 ,   320000 ,   400690 ,   376000 ,   378960 ,   418750 ,389900.0
8,9,El Dorado       ,3,Inland    ,North     ,325000   ,307576   ,311956   ,311956   ,318000   ,335227   ,325581   ,290151   ,296211   ,275862    ,289843    ,298809    ,279545   ,248999   ,278333   ,278124   ,262000   ,295454   ,265150   ,277680   ,238750   ,256580    ,241670    ,266410    ,250000   ,242570   ,277270   ,257410   ,277270   ,252840   ,280830   ,268380   ,279170   ,276350    ,282260    ,292420    ,283570   ,307900   ,329170   ,344170   ,338240   ,342250   ,350760   ,355840   ,334910   ,367390    ,361860    ,360580    ,335000   ,332050   ,385710   ,366950   ,374240   ,372950   ,385160   ,391670   ,364650   ,355800    ,374540    ,385230    ,375000   ,384880   ,393400   ,405170   ,436510   ,410320   ,420750   ,383000   ,399000   ,385000    ,394950    ,413750    ,  405000 ,  422000 ,  435010 ,  432000 ,  429500 ,  461550 ,  425000 ,  425000 ,  419000 ,   419000 ,   442000 ,   434500 ,  414250 ,  419500 ,  450000 ,  474500 ,  469000 ,  499000 ,  480500 ,  485000 ,  449950 ,   445000 ,   470000 ,   450000 ,  480000 ,  468000 ,  510000 ,  499999 ,  552000 ,  525000 ,  504000 ,  480000 ,  465000 ,   500000 ,   461750 ,   454500 ,  460000 ,  495000 ,  506160 ,  524000 ,  521380 ,  497500 ,  510500 ,  525000 ,  489900 ,   490000 ,   485000 ,   465000 ,  442120 ,  465000 ,  507500 ,  500000 ,  535000 ,  510000 ,  550000 ,  570000 ,  588000 ,   559000 ,   585000 ,   538350 ,  600000 ,  577500 ,  652500 ,  654750 ,  688000 ,  702000 ,  655000 ,  680890 ,  650000 ,   615000 ,   665000 ,   620000 ,   607500 ,   730000 ,   750000 ,   711000 ,   728750 ,   715000 ,   650000 ,   631000 ,   647450 ,684000.0
9,10,Fresno          ,2,Inland    ,Central   ,145965   ,152741   ,150963   ,148230   ,157520   ,161176   ,150000   ,149880   ,155060   ,149460    ,146020    ,145280    ,136020   ,141360   ,138120   ,130200   ,136850   ,135490   ,137100   ,141500   ,139030   ,140100    ,141470    ,136740    ,128200   ,139280   ,134690   ,140100   ,141580   ,150000   ,149060   ,151110   ,159130   ,151850    ,148240    ,157620    ,151450   ,158950   ,160510   ,173860   ,167770   ,175820   ,183870   ,184000   ,185830   ,182620    ,193020    ,190350    ,184120   ,182270   ,202100   ,192880   ,199540   ,201080   ,201530   ,203760   ,208210   ,200600    ,200000    ,204430    ,211470   ,210320   ,213960   ,217510   ,216110   ,223150   ,225000   ,220000   ,220000   ,215000    ,225000    ,225000    ,  216000 ,  214250 ,  231000 ,  229000 ,  232000 ,  241000 ,  235700 ,  239000 ,  240000 ,   240000 ,   238000 ,   239500 ,  238000 ,  230000 ,  247250 ,  244090 ,  250000 ,  260000 ,  258000 ,  259000 ,  265000 ,   254950 ,   264000 ,   259750 ,  245450 ,  266440 ,  264950 ,  260000 ,  279980 ,  275500 ,  280000 ,  280000 ,  267000 ,   272000 ,   265750 ,   266500 ,  270000 ,  265000 ,  280000 ,  271250 ,  284900 ,  283000 ,  284400 ,  285000 ,  296000 ,   287000 ,   291500 ,   285000 ,  289950 ,  289950 ,  282500 ,  290000 ,  295000 ,  313950 ,  320000 ,  322000 ,  325000 ,   331500 ,   323500 ,   325500 ,  325000 ,  350000 ,  350000 ,  355000 ,  361500 ,  375000 ,  370000 ,  375000 ,  380000 ,   385000 ,   385000 ,   395000 ,   395500 ,   405000 ,   415000 ,   425000 ,   420000 ,   425000 ,   407000 ,   405000 ,   415000 ,400000.0
10,11,Glenn           ,1,Inland    ,North     ,160000   ,150000   ,120000   ,146000   ,166666   ,106666   ,182500   ,134999   ,180000   ,126666    ,125000    ,118332    ,190000   ,85000    ,110000   ,125000   ,122000   ,100000   ,142500   ,96428    ,154999   ,95000     ,120000    ,120000    ,200000   ,113333   ,95000    ,154999   ,98749    ,162000   ,130000   ,160000   ,163333   ,120000    ,160000    ,180000    ,150000   ,110000   ,130000   ,185000   ,160000   ,136666   ,140000   ,134999   ,133999   ,125000    ,150000    ,190000    ,180000   ,200000   ,140000   ,170000   ,152500   ,175000   ,145000   ,170000   ,147500   ,167500    ,95000     ,176670    ,162500   ,220000   ,190000   ,153330   ,170000   ,253120   ,177500   ,206000   ,231250   ,201500    ,190000    ,174500    ,  159975 ,  197500 ,  196000 ,  225000 ,  175000 ,  205000 ,  225000 ,  230500 ,  220500 ,   185050 ,   215000 ,   197500 ,  221000 ,  181500 ,  211000 ,  230000 ,  200000 ,  210000 ,  205000 ,  225000 ,  207500 ,   215000 ,   232000 ,   230000 ,  228500 ,  219600 ,  244500 ,  215000 ,  230000 ,  227710 ,  235000 ,  225500 ,  227500 ,   253000 ,   225000 ,   246500 ,  225000 ,  281000 ,  250000 ,  241250 ,  245000 ,  250000 ,  268750 ,  270000 ,  266500 ,   245000 ,   330000 ,   252000 ,  315000 ,  288250 ,  288500 ,  282000 ,  323250 ,  295000 ,  257500 ,  263500 ,  347520 ,   287500 ,   334750 ,   297500 ,  247500 ,  319500 ,  325000 ,  302500 ,  384000 ,  310000 ,  320000 ,  302500 ,  327500 ,   307000 ,   360000 ,   345000 ,   332500 ,   412500 ,   320000 ,   281260 ,   417000 ,   325000 ,   360000 ,   327500 ,   327000 ,310000.0
11,12,Humboldt        ,6,Coastal   ,North     ,246874   ,232499   ,270652   ,265480   ,261960   ,242856   ,250000   ,252780   ,247220   ,240280    ,271880    ,248440    ,244790   ,238890   ,250000   ,225000   ,250000   ,243750   ,233000   ,223860   ,250000   ,228950    ,223440    ,227630    ,220000   ,232950   ,223330   ,240280   ,229810   ,251140   ,229690   ,218750   ,223610   ,243270    ,238040    ,216670    ,234720   ,231670   ,225000   ,251190   ,233930   ,251090   ,267050   ,247220   ,251090   ,260530    ,239280    ,254170    ,270590   ,218750   ,230680   ,238460   ,254350   ,248960   ,247000   ,255260   ,246050   ,260340    ,262500    ,263000    ,263890   ,250000   ,253120   ,256250   ,250000   ,273280   ,274900   ,268000   ,270000   ,255000    ,275000    ,285000    ,  247800 ,  265540 ,  280000 ,  277500 ,  270000 ,  284000 ,  307900 ,  290000 ,  290000 ,   305000 ,   289000 ,   295000 ,  296500 ,  297500 ,  295000 ,  300000 ,  289500 ,  302500 ,  307500 ,  316750 ,  325000 ,   305450 ,   310000 ,   319500 ,  300000 ,  291700 ,  313500 ,  309000 ,  314900 ,  331250 ,  310000 ,  315000 ,  315000 ,   315000 ,   310000 ,   308000 ,  325500 ,  298000 ,  310000 ,  305000 ,  315000 ,  340000 ,  334370 ,  320000 ,  345000 ,   325000 ,   328190 ,   318500 ,  308000 ,  310390 ,  330000 ,  317000 ,  340750 ,  317000 ,  349000 ,  340000 ,  345000 ,   379500 ,   351000 ,   370000 ,  366000 ,  360000 ,  359000 ,  425000 ,  400000 ,  420000 ,  413000 ,  408500 ,  430000 ,   420000 ,   450750 ,   450290 ,   425000 ,   452500 ,   430000 ,   464300 ,   458500 ,   435000 ,   480000 ,   465000 ,   460000 ,439500.0
14,15,Kern            ,1,Inland    ,Central   ,127900   ,147599   ,136000   ,136250   ,145520   ,132000   ,144700   ,142700   ,130000   ,135000    ,130000    ,125000    ,127000   ,125000   ,127500   ,126750   ,135000   ,140000   ,139950   ,133950   ,131000   ,134000    ,134320    ,134950    ,130000   ,120650   ,132380   ,146000   ,137500   ,144450   ,141500   ,155000   ,150000   ,155000    ,150000    ,161150    ,164200   ,170000   ,175000   ,180000   ,188000   ,195000   ,195500   ,199950   ,193500   ,185000    ,190000    ,208100    ,210340   ,195000   ,201000   ,200000   ,209950   ,215000   ,210160   ,214680   ,215000   ,215000    ,211220    ,211250    ,195000   ,217500   ,208550   ,215050   ,228600   ,219330   ,229700   ,225000   ,219900   ,210000    ,219000    ,215000    ,  215000 ,  220000 ,  220000 ,  215600 ,  225000 ,  239700 ,  233500 ,  220000 ,  215000 ,   227000 ,   225000 ,   220000 ,  215000 ,  218000 ,  225000 ,  236750 ,  230000 ,  229450 ,  235000 ,  235100 ,  234700 ,   229500 ,   235000 ,   233000 ,  225500 ,  237000 ,  232500 ,  235000 ,  247750 ,  245000 ,  250000 ,  247000 ,  241000 ,   240000 ,   235250 ,   242380 ,  240000 ,  240000 ,  249950 ,  250000 ,  252000 ,  259450 ,  263000 ,  255500 ,  257600 ,   262000 ,   258000 ,   262900 ,  252000 ,  259000 ,  259480 ,  272000 ,  270000 ,  275000 ,  282980 ,  285840 ,  292000 ,   295000 ,   290000 ,   300000 ,  302000 ,  295000 ,  310000 ,  315000 ,  317000 ,  325000 ,  330000 ,  326000 ,  341500 ,   340000 ,   336940 ,   350000 ,   367000 ,   370000 ,   369750 ,   385000 ,   385000 ,   380000 ,   362900 ,   373250 ,   365000 ,379980.0
15,16,Kings           ,2,Inland    ,Central   ,174999   ,165000   ,154285   ,170000   ,178570   ,174999   ,177999   ,168570   ,167860   ,167780    ,164000    ,158000    ,147140   ,154000   ,137270   ,136150   ,137690   ,154000   ,114280   ,130000   ,141670   ,138180    ,152860    ,131670    ,140000   ,144000   ,139090   ,152940   ,143330   ,136870   ,141000   ,153330   ,156670   ,151430    ,139230    ,146000    ,153330   ,153750   ,146000   ,157140   ,149000   ,147780   ,173330   ,184000   ,168460   ,181000    ,171670    ,154280    ,160000   ,182500   ,179230   ,166250   ,171670   ,194440   ,175450   ,183330   ,183330   ,168670    ,192500    ,195550    ,172500   ,196000   ,190000   ,172860   ,183330   ,195380   ,193790   ,184000   ,198000   ,180000    ,185000    ,200000    ,  190000 ,  205000 ,  205000 ,  202000 ,  215000 ,  207000 ,  215000 ,  209220 ,  197000 ,   217000 ,   210000 ,   215000 ,  200000 ,  222500 ,  215000 ,  232000 ,  211000 ,  230000 ,  222000 ,  225000 ,  223000 ,   213500 ,   230000 ,   225000 ,  238000 ,  215000 ,  238000 ,  235000 ,  235000 ,  245000 ,  224980 ,  227750 ,  239950 ,   229000 ,   222000 ,   243000 ,  219900 ,  221000 ,  232000 ,  240000 ,  260000 ,  247150 ,  254750 ,  258450 ,  258000 ,   251000 ,   258000 ,   255000 ,  247450 ,  255000 ,  250000 ,  260900 ,  249950 ,  265000 ,  275000 ,  265500 ,  264000 ,   290500 ,   265000 ,   281750 ,  278750 ,  280000 ,  292500 ,  305000 ,  315000 ,  295000 ,  320000 ,  310000 ,  320000 ,   325000 ,   333500 ,   330000 ,   322500 ,   327000 ,   325000 ,   360000 ,   381500 ,   327000 ,   350000 ,   321750 ,   342500 ,328000.0
16,17,Lake            ,10,Coastal   ,North     ,137140   ,128181   ,155000   ,126000   ,135000   ,146430   ,140770   ,132860   ,127500   ,125000    ,113640    ,113750    ,107500   ,123330   ,94170    ,98330    ,105560   ,85620    ,118890   ,123640   ,120000   ,96500     ,128750    ,114170    ,118570   ,103640   ,110000   ,113330   ,128000   ,116870   ,135450   ,125560   ,146670   ,111430    ,142500    ,127500    ,134440   ,125000   ,145000   ,156670   ,141250   ,155000   ,141430   ,153330   ,150000   ,196250    ,143330    ,165000    ,160000   ,170000   ,158460   ,158000   ,170000   ,184440   ,174540   ,178330   ,180000   ,190000    ,186670    ,162860    ,163330   ,184290   ,225000   ,200000   ,217190   ,211670   ,212000   ,215000   ,225000   ,210000    ,256000    ,218000    ,  235000 ,  190000 ,  242450 ,  240500 ,  238000 ,  259000 ,  245250 ,  234500 ,  220000 ,   262500 ,   259000 ,   210000 ,  215000 ,  230000 ,  215000 ,  248468 ,  240000 ,  259500 ,  265000 ,  241500 ,  234250 ,   257500 ,   262000 ,   269500 ,  279000 ,  234500 ,  280000 ,  285000 ,  263400 ,  298800 ,  249950 ,  265000 ,  288000 ,   265250 ,   255000 ,   269000 ,  265000 ,  260000 ,  243500 ,  262400 ,  267000 ,  270000 ,  249000 ,  260000 ,  270000 ,   275000 ,   297500 ,   271500 ,  253000 ,  235000 ,  275500 ,  272000 ,  300000 ,  322500 ,  307000 ,  309500 ,  307500 ,   325000 ,   317000 ,   306950 ,  300000 ,  326500 ,  333000 ,  324950 ,  360000 ,  335000 ,  351000 ,  335000 ,  372120 ,   345000 ,   335000 ,   341250 ,   349900 ,   360000 ,   370000 ,   321000 ,   360000 ,   365000 ,   356000 ,   330000 ,   339500 ,353000.0
18,19,Los Angeles     ,6,Coastal   ,Southern  ,316698   ,283299   ,290000   ,289710   ,297410   ,310871   ,331420   ,336420   ,355900   ,333970    ,302450    ,328140    ,305570   ,286100   ,282170   ,290600   ,271540   ,301300   ,317060   ,312900   ,330610   ,307970    ,291260    ,306950    ,290900   ,272690   ,272920   ,286800   ,282930   ,315390   ,334190   ,344770   ,373020   ,364810    ,337080    ,367400    ,349720   ,337630   ,340890   ,361630   ,365990   ,403760   ,421350   ,444950   ,459010   ,447130    ,405470    ,439830    ,423570   ,389080   ,395660   ,406750   ,411640   ,435950   ,461290   ,474640   ,486030   ,477600    ,434070    ,464650    ,441610   ,419260   ,419370   ,427010   ,432570   ,473290   ,490360   ,492360   ,517750   ,509570    ,457870    ,502750    ,  480950 ,  444410 ,  441700 ,  457180 ,  467290 ,  502190 ,  513700 ,  520400 ,  550705 ,   536760 ,   487060 ,   522520 ,  509130 ,  470200 ,  465810 ,  480230 ,  492040 ,  548220 ,  566240 ,  570720 ,  606110 ,   580360 ,   530920 ,   577690 ,  564100 ,  527280 ,  528980 ,  528540 ,  536940 ,  586090 ,  597520 ,  607490 ,  634680 ,   614500 ,   553940 ,   588140 ,  566010 ,  541390 ,  525520 ,  544170 ,  539480 ,  599680 ,  611230 ,  627690 ,  663110 ,   647900 ,   594840 ,   641340 ,  617520 ,  580690 ,  567910 ,  565170 ,  553710 ,  619320 ,  660340 ,  692630 ,  766010 ,   745080 ,   673310 ,   660000 ,  697660 ,  664120 ,  689440 ,  718440 ,  725680 ,  796120 ,  809750 ,  830070 ,  886050 ,   848970 ,   769500 ,   826500 ,   800960 ,   773490 ,   781050 ,   801680 ,   798720 ,   860230 ,   846320 ,   854960 ,   891770 ,854280.0
19,20,Madera          ,6,Inland    ,North     ,140667   ,160000   ,146000   ,145830   ,140910   ,135555   ,146666   ,142500   ,141670   ,140000    ,129000    ,143080    ,146150   ,149230   ,133530   ,135380   ,116670   ,122000   ,92500    ,128750   ,125380   ,132500    ,103330    ,106000    ,113750   ,103330   ,125000   ,137500   ,124290   ,128890   ,118330   ,127500   ,120000   ,140000    ,113330    ,144290    ,98330    ,130000   ,136000   ,170000   ,142000   ,150000   ,175710   ,170000   ,190000   ,153330    ,160000    ,200000    ,200000   ,172860   ,206670   ,214060   ,223210   ,206250   ,211110   ,213890   ,207500   ,210420    ,236360    ,212500    ,245000   ,217500   ,198750   ,222500   ,222060   ,199000   ,215000   ,211500   ,218480   ,202500    ,220000    ,228500    ,  227500 ,  219920 ,  219500 ,  215000 ,  213500 ,  230380 ,  233000 ,  245000 ,  240000 ,   225000 ,   216950 ,   237500 ,  237500 ,  230000 ,  239000 ,  240000 ,  249000 ,  274900 ,  279250 ,  263500 ,  269900 ,   251980 ,   245000 ,   239000 ,  275000 ,  255000 ,  265000 ,  244000 ,  259000 ,  268000 ,  250000 ,  254900 ,  282500 ,   254950 ,   265000 ,   263000 ,  260000 ,  259000 ,  265000 ,  271950 ,  270000 ,  291250 ,  297500 ,  279000 ,  276500 ,   299950 ,   295500 ,   285100 ,  334790 ,  285000 ,  285000 ,  306500 ,  297500 ,  300000 ,  313850 ,  329000 ,  331120 ,   302750 ,   320000 ,   335000 ,  325000 ,  354500 ,  365000 ,  378000 ,  360000 ,  357500 ,  390000 ,  377500 ,  375000 ,   394880 ,   392500 ,   357000 ,   394000 ,   400000 ,   430000 ,   418000 ,   430000 ,   421000 ,   433000 ,   400000 ,   410000 ,400000.0
20,21,Marin           ,2,Coastal   ,North     ,729166   ,782609   ,790625   ,892360   ,838940   ,840686   ,822674   ,794120   ,797790   ,757810    ,861610    ,753680    ,657890   ,632580   ,826700   ,726060   ,807140   ,843080   ,761030   ,806550   ,786580   ,781250    ,736410    ,693880    ,694440   ,732140   ,672620   ,783850   ,791670   ,823980   ,845980   ,806450   ,769230   ,806370    ,837840    ,796880    ,799110   ,859380   ,888890   ,952870   ,963110   ,1000000  ,1000000  ,987740   ,893140   ,959740    ,942070    ,893750    ,905000   ,967500   ,975000   ,987000   ,1047500  ,1050000  ,1058000  ,952500   ,1181500  ,980000    ,1075000   ,980000    ,957000   ,1000000  ,1142500  ,1100000  ,1150000  ,1105000  ,1049000  ,1077500  ,1050000  ,1200000   ,1200000   ,1100000   ,  952500 , 1141400 , 1187500 , 1200000 , 1237500 , 1218500 , 1150000 , 1200000 , 1165000 ,  1225000 ,  1050000 ,  1118700 , 1150000 , 1174500 , 1250000 , 1325000 , 1315000 , 1272500 , 1224000 , 1207120 , 1250000 ,  1252500 ,  1230000 ,  1268900 , 1317500 , 1371000 , 1392500 , 1385000 , 1415000 , 1415000 , 1325000 , 1222500 , 1395000 ,  1450000 ,  1172940 ,  1270500 , 1149500 , 1290000 , 1300000 , 1350000 , 1400000 , 1370000 , 1257000 , 1230000 , 1360000 ,  1397500 ,  1270000 ,  1300000 , 1294000 , 1347500 , 1376000 , 1365000 , 1500000 , 1490000 , 1545500 , 1512500 , 1550000 ,  1468500 ,  1425000 ,  1459000 , 1350000 , 1540000 , 1627500 , 1610000 , 1632500 , 1712500 , 1750000 , 1560000 , 1710000 ,  1685000 ,  1535000 ,  1510000 ,  1450000 ,  1580000 ,  1737500 ,  2112500 ,  2100305 ,  1800000 ,  1720000 ,  1626000 ,  1735000 ,1662500.0
21,22,Mariposa        ,1,Inland    ,North     ,215000   ,250000   ,210000   ,275000   ,225000   ,225000   ,450000   ,225000   ,250000   ,220000    ,134999    ,206250    ,193333   ,174999   ,216666   ,225000   ,180000   ,208333   ,180000   ,196666   ,170000   ,220000    ,150000    ,200000    ,160000   ,206250   ,136666   ,173333   ,150000   ,208333   ,154999   ,225000   ,266666   ,216666    ,145000    ,160000    ,160000   ,190000   ,180000   ,225000   ,212500   ,190000   ,300000   ,200000   ,243749   ,300000    ,212500    ,229999    ,225000   ,225000   ,245830   ,237500   ,241670   ,237500   ,300000   ,216670   ,250000   ,225000    ,250000    ,245000    ,268750   ,250000   ,275000   ,245830   ,250000   ,281250   ,277000   ,277500   ,236150   ,248750    ,276000    ,224900    ,  279000 ,  264250 ,  227500 ,  235000 ,  299000 ,  264000 ,  270000 ,  311500 ,  332500 ,   267250 ,   258250 ,   227000 ,  272450 ,  335000 ,  285000 ,  273000 ,  271000 ,  300000 ,  262500 ,  280000 ,  299000 ,   275000 ,   250000 ,   310000 ,  276500 ,  357000 ,  290000 ,  344850 ,  320000 ,  307000 ,  327750 ,  325000 ,  315000 ,   305500 ,   355000 ,   320000 ,  316120 ,  369000 ,  277500 ,  286500 ,  295000 ,  354500 ,  281400 ,  330000 ,  318000 ,   295000 ,   410000 ,   299900 ,  266000 ,  327500 ,  335000 ,  330000 ,  280000 ,  370400 ,  425000 ,  380750 ,  457500 ,   375000 ,   374000 ,   380000 ,  400000 ,  397500 ,  421360 ,  343200 ,  415000 ,  409700 ,  382000 ,  475000 ,  459000 ,   455000 ,   499500 ,   390000 ,   350000 ,   446250 ,   530000 ,   423000 ,   465000 ,   470000 ,   601000 ,   450000 ,   342200 ,399000.0
22,23,Mendocino       ,8,Coastal   ,North     ,237499   ,262500   ,294999   ,240620   ,280000   ,257143   ,239999   ,258330   ,232500   ,304550    ,251790    ,220830    ,225000   ,200000   ,192500   ,225000   ,281250   ,181430   ,214280   ,201920   ,220000   ,260710    ,190000    ,204170    ,190000   ,190000   ,225000   ,209090   ,254540   ,257140   ,235000   ,206250   ,211360   ,262500    ,223080    ,246430    ,245000   ,259090   ,221880   ,350000   ,250000   ,242860   ,286360   ,276670   ,285710   ,255000    ,300000    ,278570    ,298500   ,271500   ,270000   ,263675   ,295000   ,330150   ,299000   ,292975   ,295000   ,355000    ,329000    ,270000    ,257500   ,309000   ,290000   ,350000   ,310000   ,305100   ,317000   ,345000   ,340000   ,353500    ,369000    ,360000    ,  355000 ,  382500 ,  379000 ,  331000 ,  330000 ,  350000 ,  345000 ,  362500 ,  370000 ,   360000 ,   371500 ,   366000 ,  417500 ,  381500 ,  395000 ,  358000 ,  410000 ,  445000 ,  370000 ,  402500 ,  419000 ,   405000 ,   374500 ,   409500 ,  425000 ,  420000 ,  379000 ,  430000 ,  420000 ,  449000 ,  393750 ,  430000 ,  433500 ,   420000 ,   414000 ,   424900 ,  384560 ,  377000 ,  394500 ,  418500 ,  388500 ,  399000 ,  395000 ,  413500 ,  407500 ,   406500 ,   400290 ,   447000 ,  412000 ,  467000 ,  382810 ,  395000 ,  426000 ,  425000 ,  485000 ,  524000 ,  500250 ,   529500 ,   494000 ,   540000 ,  517500 ,  525000 ,  510000 ,  528000 ,  602500 ,  582500 ,  650000 ,  533000 ,  500000 ,   534000 ,   522500 ,   564950 ,   508500 ,   500000 ,   506000 ,   545000 ,   597500 ,   582000 ,   619500 ,   502500 ,   535000 ,530000.0
23,24,Merced          ,4,Inland    ,North     ,96666    ,100952   ,108080   ,115130   ,124440   ,119130   ,107780   ,121870   ,121070   ,107500    ,108890    ,117500    ,100620   ,117270   ,115290   ,103890   ,111850   ,114210   ,113080   ,126670   ,120000   ,121430    ,117000    ,106110    ,112000   ,119280   ,115290   ,120000   ,119410   ,107730   ,133330   ,123330   ,138570   ,123000    ,142000    ,136920    ,137000   ,125290   ,144000   ,139560   ,151050   ,154120   ,163080   ,155880   ,178570   ,171820    ,151540    ,160000    ,149330   ,181670   ,154000   ,164550   ,171430   ,158820   ,173640   ,186670   ,159500   ,190710    ,177650    ,178230    ,168750   ,168750   ,190000   ,204840   ,203570   ,206080   ,195900   ,190000   ,205050   ,195000    ,215000    ,211000    ,  193950 ,  199000 ,  185000 ,  205000 ,  223500 ,  213500 ,  215000 ,  220000 ,  214000 ,   233250 ,   215000 ,   235000 ,  225500 ,  231000 ,  229500 ,  247915 ,  243500 ,  250100 ,  260000 ,  250000 ,  260000 ,   250000 ,   255000 ,   239900 ,  257000 ,  267850 ,  257500 ,  259000 ,  262000 ,  275000 ,  267450 ,  288400 ,  280000 ,   271850 ,   261930 ,   269060 ,  279990 ,  269000 ,  275000 ,  276000 ,  285000 ,  287000 ,  283000 ,  278600 ,  277250 ,   285000 ,   275000 ,   278800 ,  282950 ,  285950 ,  280000 ,  273900 ,  285000 ,  300000 ,  319900 ,  335000 ,  300500 ,   322500 ,   315500 ,   315000 ,  307000 ,  318750 ,  318000 ,  325000 ,  350000 ,  360000 ,  357500 ,  369250 ,  370000 ,   370000 ,   375000 ,   375000 ,   387380 ,   390000 ,   385000 ,   395000 ,   414250 ,   400000 ,   410000 ,   385000 ,   377000 ,380000.0
25,26,Mono            ,3,Inland    ,North     ,625000   ,1250000  ,625000   ,625000   ,666666   ,583333   ,400000   ,333333   ,500000   ,500000    ,750000    ,450000    ,625000   ,562500   ,1125000  ,474999   ,541667   ,450000   ,583333   ,500000   ,350000   ,374999    ,362499    ,357142    ,500000   ,541667   ,500000   ,525000   ,625000   ,483333   ,450000   ,593750   ,350000   ,416667    ,325000    ,462499    ,400000   ,300000   ,425000   ,387499   ,450000   ,400000   ,708333   ,333333   ,500000   ,450000    ,400000    ,474999    ,625000   ,474999   ,450000   ,474999   ,575000   ,687499   ,500000   ,474999   ,450000   ,483333    ,350000    ,625000    ,583333   ,937499   ,562500   ,562500   ,450000   ,687499   ,450000   ,550000   ,550000   ,599000    ,548000    ,995000    ,  475000 ,  282450 ,  580000 ,  316500 ,  585000 ,  664250 ,  534600 ,  532500 ,  465000 ,   379000 ,   618750 ,   528500 ,  526750 ,  520880 , 1022500 ,  516250 ,  627500 ,  482850 ,  578000 ,  386500 ,  632500 ,   715000 ,   400000 ,   515000 ,  480000 ,  830000 ,  780000 ,  520000 ,  852500 ,  570000 ,  899500 ,  880000 ,  622500 ,   599900 ,   725000 ,   541000 ,  782000 ,  765000 ,  800000 ,  717250 ,  564500 ,  910000 ,  692500 ,  712500 ,  699750 ,   725000 ,   556000 ,   400000 ,  780000 ,  700000 ,  665000 ,  801250 ,  520150 ,  720000 ,  669500 ,  665000 ,  875000 ,   844500 ,   806000 ,   880000 , 1112500 , 1435000 , 1700000 ,  974000 , 1140000 ,  822500 ,  805000 ,  819500 ,  844500 ,   840000 ,   840000 ,   972500 ,   950000 ,   992500 ,  1100000 ,  2362500 ,   870000 ,   788500 ,   815000 ,   797500 ,  1105000 ,960000.0
26,27,Monterey        ,4,Coastal   ,North     ,246500   ,255000   ,245000   ,262000   ,280000   ,274000   ,270000   ,270000   ,249950   ,275000    ,244000    ,235000    ,251850   ,231000   ,255900   ,255000   ,250000   ,285000   ,250000   ,252000   ,280000   ,266000    ,270000    ,275000    ,280000   ,265000   ,314900   ,280000   ,295000   ,289000   ,280750   ,317500   ,330000   ,315000    ,323100    ,346500    ,339500   ,315000   ,359900   ,380000   ,410000   ,417000   ,408800   ,407000   ,422500   ,412000    ,420000    ,438500    ,428500   ,500000   ,521250   ,451500   ,445000   ,485000   ,445000   ,492500   ,451000   ,460000    ,460000    ,430000    ,420000   ,500000   ,510000   ,455000   ,530000   ,485000   ,479500   ,470000   ,480000   ,486000    ,512500    ,520000    ,  500000 ,  497980 ,  490000 ,  529900 ,  540000 ,  537000 ,  539750 ,  515000 ,  566500 ,   499900 ,   515000 ,   497000 ,  572500 ,  535000 ,  562450 ,  569000 ,  617000 ,  624500 ,  629000 ,  580500 ,  569900 ,   575000 ,   618120 ,   614000 ,  571500 ,  590000 ,  625000 ,  607750 ,  677000 ,  632500 ,  655500 ,  599000 ,  624000 ,   620000 ,   630000 ,   590000 ,  590000 ,  593950 ,  579000 ,  600000 ,  639000 ,  640500 ,  651780 ,  632500 ,  658000 ,   643280 ,   720000 ,   613250 ,  649500 ,  700000 ,  680000 ,  660000 ,  650000 ,  740000 ,  749500 ,  832500 ,  860000 ,   850000 ,   850000 ,   785000 ,  860000 ,  820000 ,  931000 ,  840000 ,  887000 ,  862500 ,  828500 ,  827500 ,  826250 ,   865250 ,   830000 ,   871000 ,   875000 ,   885000 ,   911000 ,   903500 ,   900500 ,   854000 ,   924000 ,   842500 ,   822500 ,865000.0
27,28,Napa            ,2,Coastal   ,North     ,358695   ,336842   ,351562   ,343750   ,367390   ,390322   ,391666   ,394230   ,347830   ,344740    ,334620    ,350000    ,313890   ,354760   ,332610   ,306820   ,377270   ,350000   ,334780   ,354760   ,331820   ,330430    ,339470    ,344830    ,344740   ,348000   ,351470   ,363890   ,343750   ,357410   ,419230   ,385710   ,381670   ,426190    ,378200    ,360340    ,411110   ,468180   ,430950   ,453850   ,488890   ,509620   ,511900   ,565970   ,477270   ,497730    ,528410    ,476000    ,535000   ,472000   ,536750   ,531950   ,587500   ,529000   ,599000   ,525000   ,601139   ,539000    ,619500    ,497500    ,495000   ,480000   ,554750   ,635000   ,582500   ,609000   ,630000   ,590000   ,617500   ,655000    ,689400    ,595500    ,  584500 ,  650000 ,  650000 ,  629980 ,  645770 ,  619000 ,  634380 ,  625000 ,  650000 ,   618250 ,   637500 ,   605000 ,  662500 ,  660000 ,  675000 ,  685000 ,  673250 ,  685000 ,  695000 ,  654000 ,  632500 ,   649000 ,   682000 ,   688000 ,  662000 ,  713500 ,  675000 ,  682500 ,  702500 ,  740000 ,  727000 ,  752500 ,  685000 ,   709500 ,   683500 ,   725000 ,  672500 ,  625000 ,  699000 ,  705000 ,  725000 ,  705750 ,  685000 ,  699000 ,  787500 ,   735000 ,   669000 ,   765000 ,  697500 ,  659500 ,  764000 ,  750000 ,  672500 ,  725000 ,  782500 ,  867000 ,  900000 ,   749380 ,   824500 ,   842000 ,  835000 ,  931500 ,  929000 ,  950000 ,  837500 ,  955500 ,  939000 ,  900000 ,  950000 ,   850000 ,   811600 ,  1050000 ,   884000 ,  1034500 ,   998000 ,  1027000 ,  1048500 ,   975000 ,  1107500 ,  1162500 ,   987000 ,975000.0
28,29,Nevada          ,4,Inland    ,North     ,256250   ,261111   ,270454   ,263333   ,272058   ,275000   ,269117   ,293749   ,271153   ,242646    ,277272    ,247499    ,236538   ,228124   ,211363   ,208333   ,252941   ,226562   ,222368   ,210000   ,225000   ,214285    ,235416    ,226249    ,205263   ,205263   ,240475   ,188000   ,223863   ,267045   ,232352   ,231481   ,233333   ,237962    ,233333    ,258823    ,257353   ,248213   ,248528   ,272222   ,265909   ,269827   ,298076   ,316667   ,298528   ,310714    ,279999    ,310526    ,268181   ,305263   ,326923   ,315217   ,277941   ,316130   ,303448   ,338890   ,306250   ,315520    ,309370    ,314290    ,339290   ,320000   ,330360   ,336760   ,340620   ,341300   ,321000   ,325000   ,339900   ,330500    ,341250    ,350000    ,  339500 ,  295950 ,  364900 ,  327500 ,  354000 ,  352000 ,  359000 ,  343000 ,  348700 ,   360000 ,   358500 ,   355000 ,  366500 ,  390000 ,  383750 ,  424000 ,  389000 ,  380000 ,  398500 ,  375000 ,  410000 ,   388500 ,   405750 ,   393500 ,  382000 ,  400000 ,  430000 ,  408738 ,  404000 ,  452000 ,  419500 ,  420000 ,  445000 ,   401500 ,   399000 ,   389950 ,  402950 ,  382000 ,  412500 ,  397000 ,  420000 ,  427500 ,  445000 ,  415500 ,  399000 ,   419500 ,   458500 ,   400000 ,  367000 ,  420000 ,  425000 ,  460000 ,  410000 ,  433750 ,  500000 ,  475000 ,  478750 ,   492500 ,   466250 ,   508000 ,  525000 ,  519500 ,  530000 ,  555000 ,  563250 ,  566000 ,  570000 ,  570950 ,  549500 ,   525000 ,   561250 ,   520000 ,   550000 ,   547500 ,   559000 ,   617000 ,   560000 ,   590000 ,   595000 ,   580000 ,   562500 ,532500.0
29,30,Orange          ,1,Coastal   ,Southern  ,527477   ,533805   ,550420   ,546050   ,555800   ,566508   ,568970   ,561900   ,557390   ,519140    ,541220    ,499810    ,511590   ,496540   ,523610   ,530140   ,544700   ,534680   ,551510   ,508910   ,500000   ,484390    ,487610    ,484630    ,483510   ,485380   ,485300   ,513950   ,538340   ,567910   ,551160   ,567710   ,561830   ,558680    ,565020    ,582930    ,566500   ,607230   ,619430   ,653740   ,655630   ,661740   ,675000   ,664580   ,672680   ,660080    ,660890    ,677660    ,653850   ,677700   ,675540   ,679820   ,698260   ,696680   ,695270   ,699430   ,696190   ,692390    ,689480    ,683490    ,674340   ,680290   ,696060   ,705190   ,717850   ,716730   ,720000   ,714380   ,705000   ,700000    ,705000    ,700000    ,  699900 ,  705000 ,  720200 ,  735000 ,  731750 ,  754000 ,  734000 ,  749000 ,  739000 ,   750000 ,   734500 ,   745000 ,  740000 ,  745000 ,  760000 ,  775000 ,  795000 ,  795000 ,  785000 ,  789000 ,  799000 ,   786000 ,   785000 ,   785500 ,  780000 ,  805380 ,  824450 ,  818000 ,  838000 ,  835500 ,  829000 ,  838500 ,  825000 ,   810000 ,   795000 ,   785000 ,  796500 ,  792500 ,  809500 ,  825000 ,  845000 ,  842000 ,  839450 ,  810000 ,  830000 ,   820000 ,   822000 ,   840000 ,  855000 ,  880000 ,  882000 ,  861000 ,  834550 ,  870000 ,  880000 ,  930000 ,  915000 ,   930000 ,   930000 ,   950000 ,  971000 ,  995000 , 1025000 , 1100000 , 1100000 , 1138000 , 1090000 , 1100000 , 1100000 ,  1120000 ,  1150000 ,  1182500 ,  1195000 ,  1260000 ,  1305000 ,  1325000 ,  1295000 ,  1265000 ,  1231000 ,  1200000 ,  1200000 ,1165000.0
30,31,Placer          ,4,Inland    ,North     ,287287   ,287890   ,291565   ,295380   ,284090   ,285879   ,288186   ,293580   ,282594   ,286231    ,269805    ,271875    ,262778   ,268852   ,254268   ,270482   ,255488   ,267134   ,265200   ,264690   ,263020   ,255900    ,258930    ,253460    ,259560   ,251450   ,267470   ,276150   ,275000   ,287630   ,291670   ,288030   ,308590   ,300440    ,306590    ,300420    ,292710   ,312090   ,322560   ,354370   ,353110   ,370240   ,372220   ,361830   ,365290   ,364150    ,361160    ,361150    ,360980   ,370090   ,367190   ,375160   ,383070   ,382970   ,381040   ,388720   ,384850   ,380170    ,369490    ,387500    ,375980   ,375380   ,383330   ,394570   ,403420   ,402870   ,395000   ,403000   ,390000   ,397500    ,397750    ,395000    ,  405000 ,  417000 ,  405000 ,  429500 ,  427000 ,  430000 ,  435000 ,  430000 ,  430240 ,   436000 ,   427000 ,   425000 ,  425000 ,  435000 ,  440000 ,  460000 ,  460000 ,  472000 ,  453000 ,  462000 ,  450000 ,   455000 ,   450000 ,   451500 ,  446000 ,  472370 ,  475500 ,  489000 ,  499650 ,  510000 ,  495000 ,  475000 ,  475000 ,   470000 ,   461000 ,   492990 ,  479000 ,  495000 ,  475000 ,  498500 ,  514900 ,  525000 ,  496250 ,  500000 ,  495000 ,   505000 ,   489800 ,   495000 ,  493000 ,  509000 ,  500000 ,  510000 ,  515000 ,  515000 ,  550000 ,  538750 ,  530000 ,   548000 ,   552650 ,   559000 ,  581000 ,  599500 ,  610000 ,  625000 ,  663450 ,  670500 ,  650000 ,  643750 ,  650000 ,   649000 ,   650000 ,   655000 ,   670000 ,   675000 ,   701730 ,   717000 ,   735000 ,   720000 ,   712450 ,   650000 ,   645000 ,645000.0
32,33,Riverside       ,2,Inland    ,Southern  ,193687   ,198129   ,201104   ,209530   ,213060   ,214335   ,212570   ,208120   ,209660   ,205150    ,199340    ,205220    ,197550   ,203640   ,201520   ,199230   ,200000   ,202910   ,200910   ,202060   ,199890   ,195760    ,200080    ,203650    ,196050   ,200730   ,211350   ,213950   ,213240   ,219850   ,223740   ,227740   ,228900   ,230730    ,239610    ,251520    ,244780   ,245830   ,263670   ,274420   ,282560   ,298470   ,294300   ,290030   ,293560   ,296640    ,306350    ,310020    ,314070   ,302370   ,310670   ,309240   ,323890   ,321840   ,319960   ,318640   ,316500   ,321750    ,320880    ,322020    ,306060   ,323220   ,331710   ,333520   ,332490   ,337380   ,335000   ,335000   ,329000   ,330000    ,330000    ,341000    ,  328000 ,  330000 ,  350000 ,  350000 ,  355000 ,  360000 ,  359900 ,  355000 ,  352250 ,   355950 ,   352500 ,   360000 ,  357500 ,  367250 ,  375000 ,  379000 ,  375000 ,  385000 ,  385500 ,  388500 ,  385700 ,   382500 ,   383000 ,   385000 ,  397250 ,  396250 ,  398000 ,  400000 ,  409920 ,  405000 ,  408000 ,  400750 ,  405950 ,   400000 ,   400000 ,   398000 ,  400000 ,  410000 ,  412000 ,  423000 ,  420000 ,  420000 ,  420000 ,  420000 ,  429450 ,   420000 ,   425000 ,   420000 ,  415460 ,  428000 ,  435000 ,  435000 ,  434480 ,  450000 ,  462000 ,  486500 ,  480000 ,   485000 ,   490000 ,   488250 ,  495500 ,  519500 ,  535000 ,  545500 ,  560000 ,  575000 ,  570000 ,  570000 ,  570000 ,   580000 ,   586900 ,   586000 ,   590000 ,   605028 ,   620000 ,   630000 ,   650000 ,   645000 ,   625000 ,   620000 ,   600000 ,599990.0
33,34,Sacramento      ,1,Inland    ,North     ,173305   ,176586   ,180388   ,182155   ,189113   ,194266   ,185217   ,184180   ,180680   ,178871    ,181383    ,177159    ,169838   ,167633   ,167457   ,168378   ,166243   ,165329   ,168090   ,166680   ,164120   ,163160    ,164700    ,161840    ,161080   ,163530   ,166760   ,168820   ,169230   ,172520   ,176500   ,184000   ,180830   ,189800    ,194700    ,195630    ,201010   ,203540   ,220590   ,221880   ,243660   ,247100   ,254550   ,257660   ,255390   ,253560    ,246900    ,250370    ,242510   ,260330   ,263810   ,267260   ,273970   ,271630   ,276190   ,272750   ,276960   ,270150    ,266260    ,269350    ,256670   ,283960   ,282080   ,283600   ,293480   ,295310   ,291000   ,290000   ,290700   ,290000    ,290000    ,296500    ,  281000 ,  299000 ,  305000 ,  309000 ,  317950 ,  329000 ,  320000 ,  323500 ,  317500 ,   320000 ,   325000 ,   314940 ,  305000 ,  324900 ,  326750 ,  326000 ,  342100 ,  347000 ,  353000 ,  348000 ,  347750 ,   349900 ,   349900 ,   350000 ,  350000 ,  350000 ,  365000 ,  369000 ,  375000 ,  375000 ,  370000 ,  369950 ,  372000 ,   360000 ,   365000 ,   364500 ,  352250 ,  360000 ,  365000 ,  385000 ,  385000 ,  390000 ,  390000 ,  386000 ,  385000 ,   385000 ,   385000 ,   385000 ,  379000 ,  398500 ,  400000 ,  400000 ,  395000 ,  417000 ,  422740 ,  425000 ,  439000 ,   440000 ,   442500 ,   442250 ,  450000 ,  463000 ,  485000 ,  490000 ,  500000 ,  525000 ,  514000 ,  515000 ,  507000 ,   510000 ,   515000 ,   515000 ,   524000 ,   541500 ,   560000 ,   570000 ,   580000 ,   560000 ,   550000 ,   535000 ,   520000 ,512500.0
34,35,San Benito      ,9,Coastal   ,North     ,325000   ,279540   ,275610   ,333000   ,296500   ,315000   ,265000   ,280000   ,274000   ,250000    ,283450    ,279900    ,279000   ,285000   ,247500   ,261000   ,275000   ,249000   ,242500   ,239900   ,272500   ,268000    ,245000    ,259200    ,260000   ,255500   ,232350   ,287450   ,275000   ,261900   ,272000   ,335000   ,311000   ,280000    ,365000    ,364480    ,310500   ,330000   ,348000   ,358000   ,355000   ,382620   ,400000   ,387000   ,428950   ,397500    ,380000    ,410000    ,404000   ,399000   ,418000   ,430000   ,417500   ,420000   ,415000   ,415000   ,424000   ,435000    ,431000    ,435000    ,435000   ,450000   ,474900   ,465000   ,444990   ,479000   ,450000   ,460000   ,466000   ,487500    ,512500    ,452500    ,  480000 ,  464500 ,  495000 ,  479000 ,  479000 ,  511500 ,  485000 ,  538380 ,  527500 ,   506000 ,   503090 ,   475000 ,  550000 ,  517500 ,  525000 ,  521000 ,  520000 ,  535000 ,  535000 ,  600000 ,  508500 ,   545000 ,   649880 ,   537000 ,  555000 ,  545000 ,  586670 ,  569217 ,  579900 ,  570400 ,  626500 ,  575000 ,  562000 ,   597000 ,   583200 ,   577000 ,  595000 ,  600000 ,  610000 ,  550900 ,  600000 ,  585500 ,  570000 ,  609950 ,  610410 ,   604940 ,   595000 ,   600000 ,  575020 ,  595000 ,  605000 ,  614950 ,  660500 ,  586400 ,  675000 ,  625000 ,  687000 ,   634000 ,   665590 ,   729500 ,  695000 ,  700000 ,  765000 ,  722500 ,  810000 ,  794690 ,  781000 ,  774510 ,  792500 ,   768000 ,   800000 ,   790000 ,   842500 ,   860000 ,   835000 ,   860000 ,   840000 ,   854000 ,   825000 ,   755000 ,   750000 ,761000.0
35,36,San Bernardino  ,1,Inland    ,Southern  ,134999   ,134047   ,137585   ,138220   ,137370   ,141895   ,144627   ,144210   ,141150   ,140360    ,138340    ,134760    ,138040   ,131470   ,130690   ,128900   ,127380   ,129570   ,133950   ,135030   ,130820   ,132210    ,135280    ,128450    ,129920   ,132500   ,131640   ,132030   ,134660   ,138110   ,145710   ,143470   ,150090   ,148480    ,152000    ,158540    ,154500   ,156360   ,161900   ,164470   ,170090   ,174650   ,180270   ,183240   ,185860   ,191330    ,192470    ,199020    ,190130   ,186440   ,188550   ,199420   ,214460   ,204860   ,216570   ,208550   ,212790   ,208080    ,213780    ,216020    ,206660   ,213930   ,215640   ,219150   ,220890   ,231300   ,230180   ,230530   ,229890   ,231330    ,236220    ,234080    ,  234460 ,  226870 ,  237350 ,  236850 ,  245080 ,  245220 ,  248000 ,  240500 ,  251750 ,   245000 ,   250000 ,   255000 ,  245440 ,  265000 ,  260000 ,  255500 ,  272500 ,  270000 ,  266250 ,  269950 ,  279000 ,   274450 ,   280000 ,   278000 ,  277000 ,  278000 ,  280000 ,  289900 ,  285000 ,  293250 ,  292000 ,  290000 ,  300000 ,   289000 ,   299450 ,   295000 ,  290000 ,  298250 ,  309950 ,  305000 ,  315000 ,  310000 ,  312000 ,  315000 ,  315000 ,   319000 ,   315000 ,   320000 ,  325000 ,  329000 ,  316000 ,  325000 ,  320000 ,  325000 ,  350000 ,  350000 ,  359900 ,   365000 ,   380250 ,   378500 ,  390000 ,  389900 ,  412000 ,  405000 ,  410000 ,  435000 ,  440000 ,  435000 ,  437000 ,   445000 ,   440000 ,   460000 ,   450000 ,   450000 ,   475000 ,   495000 ,   490000 ,   490000 ,   490000 ,   472750 ,   480000 ,465000.0
36,37,San Diego       ,1,Coastal   ,Southern  ,366778   ,372096   ,393598   ,388480   ,391410   ,397911   ,389437   ,384700   ,388850   ,384570    ,385490    ,375790    ,370100   ,367770   ,383620   ,378230   ,382300   ,377550   ,375330   ,369390   ,364180   ,357380    ,356410    ,359930    ,350680   ,362470   ,363710   ,369910   ,379800   ,388100   ,392380   ,389540   ,404880   ,395470    ,403990    ,418290    ,390890   ,407220   ,436710   ,454390   ,469590   ,483330   ,483800   ,482470   ,490130   ,477130    ,473360    ,479690    ,479340   ,476780   ,490280   ,492080   ,498020   ,531350   ,523070   ,510860   ,519420   ,493030    ,491690    ,494500    ,496380   ,499000   ,530650   ,530810   ,538660   ,569530   ,549000   ,539000   ,525000   ,520500    ,532380    ,530000    ,  530000 ,  523500 ,  550000 ,  557000 ,  565000 ,  560000 ,  560000 ,  563000 ,  569000 ,   576620 ,   557000 ,   568000 ,  550000 ,  559950 ,  571000 ,  590000 ,  605000 ,  612750 ,  613000 ,  605000 ,  605000 ,   603000 ,   619900 ,   605000 ,  590000 ,  605000 ,  625400 ,  635000 ,  640000 ,  650000 ,  650000 ,  660000 ,  640000 ,   635500 ,   626000 ,   618500 ,  610000 ,  625000 ,  623800 ,  649000 ,  650000 ,  665000 ,  650000 ,  650000 ,  636750 ,   652000 ,   659000 ,   655000 ,  660000 ,  670000 ,  675000 ,  671000 ,  655000 ,  678000 ,  719000 ,  732560 ,  735000 ,   749000 ,   740000 ,   730000 ,  730000 ,  765000 ,  800000 ,  825120 ,  851000 ,  865000 ,  860000 ,  835000 ,  850000 ,   850000 ,   847750 ,   836700 ,   875000 ,   888000 ,   950000 ,   975000 ,   970000 ,   950000 ,   930000 ,   885000 ,   899000 ,860000.0
37,38,San Francisco   ,7,Coastal   ,North     ,696428   ,692934   ,799528   ,799180   ,747023   ,848557   ,777500   ,709459   ,717672   ,736841    ,766304    ,721036    ,632936   ,645454   ,764535   ,721311   ,701922   ,742646   ,739753   ,698629   ,654850   ,739918    ,696917    ,656609    ,649999   ,665492   ,701171   ,782738   ,785714   ,813559   ,787791   ,759615   ,719339   ,877155    ,840277    ,864795    ,743643   ,832031   ,936110   ,1011029  ,1009615  ,941901   ,884943   ,954545   ,941531   ,933333    ,974999    ,951754    ,894999   ,1062500  ,974490   ,1132810  ,1120000  ,1206900  ,1094594  ,979510   ,1066860  ,1200760   ,1163790   ,1058820   ,986610   ,1154760  ,1275000  ,1348480  ,1375000  ,1308500  ,1284440  ,1225440  ,1189000  ,1295000   ,1300000   ,1204000   , 1160000 , 1410000 , 1355000 , 1400000 , 1360000 , 1350000 , 1362500 , 1257500 , 1218750 ,  1407500 ,  1360500 ,  1315210 , 1250000 , 1276000 , 1350000 , 1402500 , 1501680 , 1469000 , 1428000 , 1380000 , 1350000 ,  1594000 ,  1500000 ,  1475000 , 1330000 , 1730000 , 1680000 , 1650000 , 1620000 , 1620000 , 1650000 , 1550000 , 1507500 ,  1600000 ,  1442500 ,  1500000 , 1376500 , 1505000 , 1637500 , 1632500 , 1697500 , 1762500 , 1600000 , 1602500 , 1540000 ,  1650000 ,  1619000 ,  1450000 , 1460000 , 1610000 , 1655000 , 1699500 , 1627500 , 1805000 , 1665000 , 1663000 , 1665000 ,  1625000 ,  1697500 ,  1581000 , 1672500 , 1786400 , 1755000 , 1800000 , 1900000 , 1950000 , 1852500 , 1850000 , 1750000 ,  1822000 ,  1900000 ,  1690000 ,  1630000 ,  1900000 ,  2060000 ,  2057500 ,  2015000 ,  1900000 ,  1700000 ,  1635000 ,  1650000 ,1692500.0
38,39,San Joaquin     ,1,Inland    ,North     ,170943   ,160588   ,167683   ,171428   ,174633   ,170549   ,169459   ,170000   ,173670   ,173134    ,163283    ,162500    ,166129   ,163210   ,155698   ,163222   ,162375   ,165000   ,161810   ,159320   ,165970   ,156710    ,154730    ,159260    ,160000   ,161040   ,158480   ,164730   ,163040   ,163870   ,168170   ,168120   ,179780   ,179570    ,177660    ,184320    ,182430   ,174680   ,191280   ,195960   ,206190   ,208130   ,225000   ,231390   ,242370   ,234160    ,233070    ,248820    ,234090   ,234930   ,245890   ,251100   ,248680   ,267020   ,259900   ,265060   ,265400   ,263270    ,249080    ,267070    ,263360   ,270750   ,272500   ,280870   ,280000   ,296030   ,290000   ,291500   ,295000   ,280000    ,292500    ,285000    ,  290000 ,  295000 ,  295000 ,  300500 ,  320000 ,  315000 ,  308500 ,  325000 ,  322000 ,   320000 ,   319000 ,   326750 ,  307500 ,  314730 ,  320000 ,  340000 ,  331950 ,  340000 ,  350000 ,  355000 ,  355000 ,   340000 ,   360500 ,   349720 ,  350000 ,  365000 ,  370000 ,  374990 ,  367860 ,  377150 ,  370000 ,  380000 ,  360000 ,   369200 ,   365000 ,   365000 ,  375000 ,  370000 ,  355000 ,  375000 ,  380000 ,  386750 ,  380000 ,  389000 ,  385000 ,   375500 ,   380000 ,   391500 ,  385000 ,  390000 ,  395000 ,  395000 ,  415000 ,  415000 ,  410000 ,  425000 ,  435000 ,   431440 ,   441500 ,   435750 ,  425000 ,  436300 ,  457750 ,  490000 ,  500000 ,  515000 ,  506000 ,  514480 ,  515000 ,   500000 ,   495000 ,   490000 ,   499950 ,   505500 ,   550000 ,   555000 ,   555000 ,   560000 ,   510000 ,   530000 ,   515000 ,497890.0
39,40,San Luis Obispo ,5,Coastal   ,Central   ,383333   ,370512   ,377680   ,403120   ,386670   ,445000   ,395348   ,369090   ,369230   ,371740    ,358750    ,377550    ,342450   ,328750   ,362700   ,390180   ,381450   ,364750   ,355620   ,352310   ,369770   ,364540    ,354170    ,366670    ,363640   ,354350   ,380140   ,360670   ,382470   ,387500   ,423530   ,386180   ,424390   ,395140    ,391560    ,414660    ,398980   ,408570   ,417590   ,431250   ,445160   ,462500   ,491790   ,477420   ,495350   ,440380    ,486510    ,484480    ,455810   ,480680   ,491350   ,465310   ,487500   ,503250   ,490540   ,475000   ,480640   ,455660    ,453950    ,488130    ,478720   ,491670   ,507440   ,522220   ,498147   ,534650   ,519000   ,507500   ,518000   ,526650    ,530810    ,549000    ,  540000 ,  518000 ,  550000 ,  535000 ,  540000 ,  525000 ,  549000 ,  535000 ,  574750 ,   538500 ,   560000 ,   559000 ,  536000 ,  556000 ,  547500 ,  572500 ,  569000 ,  556000 ,  590000 ,  599000 ,  607500 ,   560000 ,   615000 ,   590000 ,  565000 ,  605000 ,  610000 ,  597505 ,  638660 ,  612500 ,  650000 ,  630000 ,  639000 ,   586000 ,   624000 ,   640000 ,  592500 ,  592500 ,  629500 ,  650000 ,  640000 ,  640000 ,  625000 ,  640000 ,  655500 ,   627000 ,   615000 ,   615500 ,  652500 ,  640000 ,  619000 ,  600000 ,  632500 ,  645500 ,  659000 ,  666840 ,  684500 ,   700500 ,   699500 ,   711000 ,  698000 ,  700000 ,  737500 ,  799950 ,  775000 ,  799000 ,  795000 ,  770000 ,  755000 ,   800000 ,   775060 ,   821000 ,   851500 ,   830500 ,   903000 ,   890000 ,   931000 ,   905000 ,   895500 ,   868500 ,   875000 ,815000.0
40,41,San Mateo       ,7,Coastal   ,North     ,633500   ,655000   ,800000   ,750000   ,740000   ,793000   ,816000   ,780000   ,685000   ,675000    ,696000    ,699500    ,575000   ,591500   ,666950   ,700000   ,800000   ,735000   ,729900   ,742000   ,640000   ,672000    ,735000    ,595000    ,578500   ,582500   ,677900   ,745000   ,775000   ,825000   ,801500   ,777500   ,779000   ,819000    ,755000    ,775000    ,695000   ,800000   ,912000   ,913500   ,950000   ,1001000  ,919000   ,988440   ,909000   ,910000    ,895000    ,1000000   ,955000   ,970000   ,1170500  ,1001000  ,1140000  ,1150000  ,1117500  ,1000000  ,1075000  ,1071000   ,1092500   ,980000    ,1012500  ,1200000  ,1300000  ,1280000  ,1330000  ,1300000  ,1300440  ,1234000  ,1200000  ,1188940   ,1195000   ,1194000   , 1077500 , 1200000 , 1205000 , 1312500 , 1392500 , 1306250 , 1350000 , 1250000 , 1290000 ,  1350000 ,  1216750 ,  1332500 , 1150000 , 1352000 , 1350000 , 1500000 , 1480000 , 1433750 , 1500000 , 1375000 , 1400500 ,  1522500 ,  1486000 ,  1500000 , 1437500 , 1610000 , 1615000 , 1770000 , 1600000 , 1650500 , 1610000 , 1500000 , 1600000 ,  1588000 ,  1500000 ,  1483000 , 1450000 , 1425000 , 1610000 , 1601000 , 1766500 , 1620000 , 1562500 , 1545000 , 1470000 ,  1560000 ,  1595000 ,  1475000 , 1422250 , 1575000 , 1750000 , 1640000 , 1650000 , 1735000 , 1719440 , 1812500 , 1772500 ,  1680000 ,  1650000 ,  1700000 , 1605000 , 1900000 , 1985000 , 2001000 , 2075000 , 2275000 , 2110000 , 1925000 , 1975000 ,  2110000 ,  2222500 ,  1945000 ,  2000000 ,  2100000 ,  2280000 ,  2401000 ,  2231500 ,  2155000 ,  1965000 ,  1950000 ,  1860500 ,1900000.0
41,42,Santa Barbara   ,10,Coastal   ,Southern  ,466666   ,380768   ,381820   ,475000   ,513890   ,468749   ,400000   ,536290   ,513890   ,431250    ,416670    ,453850    ,362500   ,380000   ,436360   ,400000   ,428950   ,428570   ,415620   ,421430   ,356520   ,328570    ,356250    ,416670    ,355770   ,345000   ,429410   ,390380   ,517540   ,522440   ,530610   ,533330   ,415380   ,535710    ,509380    ,588230    ,510710   ,606060   ,575000   ,650000   ,656250   ,671430   ,598680   ,625000   ,641300   ,613640    ,558330    ,701920    ,698860   ,661760   ,605470   ,633330   ,736110   ,659480   ,685480   ,806030   ,778230   ,570000    ,643290    ,655000    ,690220   ,556820   ,797410   ,681030   ,820120   ,735000   ,707000   ,713500   ,745000   ,725000    ,650000    ,602500    ,  748000 ,  735000 ,  569000 ,  725000 ,  689000 ,  742000 ,  583800 ,  775000 ,  732500 ,   595000 ,   719500 ,   735000 ,  710000 ,  844000 ,  810000 ,  569000 ,  725000 ,  767500 ,  611000 ,  631000 ,  707000 ,   653000 ,   742000 ,   730000 ,  567000 ,  755000 ,  698000 ,  650000 ,  680000 ,  753750 ,  550000 ,  572500 ,  677500 ,   659000 ,   550000 ,   840000 ,  725000 ,  645000 ,  555000 ,  760500 ,  696000 ,  717000 ,  695000 ,  720000 ,  731500 ,   632500 ,   661500 ,   770000 ,  675000 ,  772750 ,  645000 ,  600000 ,  637500 ,  671750 ,  900000 , 1020000 , 1000000 ,  1037500 ,   955000 ,   970000 ,  920000 , 1174080 , 1075000 , 1100000 , 1299000 ,  935000 ,  838000 , 1111960 , 1000000 ,   837000 ,  1003000 ,   937500 ,   912500 ,  1050000 ,  1300000 ,  1200000 ,   900000 ,  1250000 ,   902500 ,  1112500 ,   905000 ,1115000.0
42,43,Santa Clara     ,3,Coastal   ,North     ,525000   ,550000   ,590000   ,628000   ,630000   ,633000   ,630000   ,625000   ,608000   ,618500    ,575000    ,548000    ,524000   ,520000   ,550250   ,578000   ,599950   ,623000   ,607000   ,595000   ,569100   ,549000    ,560000    ,535000    ,495000   ,530000   ,575250   ,636000   ,643500   ,695000   ,690000   ,666750   ,650000   ,688000    ,679000    ,681000    ,652500   ,710000   ,730000   ,790000   ,824960   ,809000   ,840000   ,808100   ,779480   ,770000    ,785000    ,769900    ,731000   ,805000   ,865000   ,900500   ,878080   ,902500   ,860750   ,865000   ,850000   ,870000    ,850000    ,846500    ,815000   ,915130   ,932100   ,960000   ,993000   ,990000   ,965000   ,973000   ,955000   ,951000    ,965000    ,920000    ,  895000 ,  942500 , 1065000 , 1085000 , 1100000 , 1050000 , 1045000 ,  975000 , 1000000 ,  1047500 ,  1010000 ,   965000 ,  927500 , 1100000 , 1130000 , 1160000 , 1200000 , 1182500 , 1165000 , 1150000 , 1180000 ,  1242500 ,  1282500 ,  1300000 , 1170000 , 1383500 , 1454500 , 1425000 , 1400000 , 1400000 , 1351000 , 1295000 , 1250000 ,  1290000 ,  1250000 ,  1150000 , 1185000 , 1170000 , 1300000 , 1315000 , 1335000 , 1350000 , 1298000 , 1190000 , 1225000 ,  1234750 ,  1259000 ,  1225000 , 1200000 , 1350000 , 1400000 , 1388890 , 1365000 , 1382000 , 1380000 , 1400000 , 1402500 ,  1442500 ,  1383000 ,  1375000 , 1375000 , 1486250 , 1600000 , 1650000 , 1675000 , 1750000 , 1670000 , 1655000 , 1630000 ,  1625000 ,  1692500 ,  1740000 ,  1716000 ,  1820000 ,  1950000 ,  1970000 ,  1927500 ,  1820000 ,  1740000 ,  1650000 ,  1700000 ,1625000.0
43,44,Santa Cruz      ,4,Coastal   ,Central   ,495000   ,500000   ,525000   ,557650   ,525000   ,507500   ,510000   ,514000   ,527500   ,502500    ,535000    ,512500    ,425000   ,452000   ,465000   ,460000   ,436250   ,537500   ,470000   ,490000   ,500000   ,467500    ,415000    ,475000    ,422500   ,499950   ,482160   ,475000   ,500000   ,495000   ,575000   ,540000   ,560000   ,499500    ,512500    ,530000    ,482000   ,435230   ,585000   ,645000   ,623750   ,586000   ,601000   ,629000   ,639500   ,650000    ,666000    ,608000    ,609900   ,600000   ,635000   ,626500   ,681500   ,699500   ,725000   ,657600   ,670000   ,715000    ,689500    ,698500    ,665000   ,675000   ,747250   ,757500   ,684500   ,726000   ,750000   ,715000   ,755000   ,743750    ,703750    ,703940    ,  694500 ,  794500 ,  790000 ,  775500 ,  800000 ,  800000 ,  756500 ,  824000 ,  774500 ,   799900 ,   795000 ,   805000 ,  800000 ,  799000 ,  814500 ,  815000 ,  875000 ,  860000 ,  815000 ,  825000 ,  845000 ,   867000 ,   870000 ,   831000 ,  790000 ,  800000 ,  910000 ,  899000 ,  865000 ,  925000 ,  898000 ,  917500 ,  910500 ,   885000 ,   862500 ,   926000 ,  825000 ,  927000 ,  918000 ,  977750 ,  935000 ,  897000 ,  899500 ,  875000 ,  795000 ,   865000 ,   875000 ,   889000 ,  869500 ,  897500 ,  925000 ,  949500 ,  850000 ,  905000 ,  985000 , 1050000 , 1062500 ,  1060000 ,  1050000 ,  1070000 , 1110000 , 1058000 , 1100000 , 1265000 , 1300000 , 1175000 , 1185000 , 1255000 , 1190000 ,  1136000 ,  1260000 ,  1200450 ,  1257500 ,  1380000 ,  1600000 ,  1410000 ,  1312500 ,  1325500 ,  1250000 ,  1300000 ,  1217500 ,1362000.0
44,45,Shasta          ,5,Inland    ,North     ,180909   ,181000   ,175499   ,171330   ,189540   ,190333   ,164500   ,171180   ,175420   ,172860    ,170910    ,176870    ,152140   ,162110   ,154810   ,153330   ,151110   ,156840   ,154700   ,162920   ,167920   ,146500    ,154000    ,148570    ,151670   ,141900   ,148420   ,164540   ,161480   ,177500   ,161430   ,165480   ,166670   ,176670    ,168420    ,170740    ,173890   ,180530   ,179050   ,182920   ,203050   ,193330   ,200000   ,202080   ,189050   ,208540    ,207560    ,184710    ,194610   ,186000   ,213410   ,202270   ,214020   ,226790   ,216460   ,212190   ,222550   ,220920    ,210610    ,208160    ,216130   ,225860   ,223750   ,230930   ,231030   ,235170   ,233000   ,230000   ,238450   ,234500    ,236250    ,234570    ,  226250 ,  212250 ,  222250 ,  223950 ,  229000 ,  243000 ,  229450 ,  248000 ,  239000 ,   249000 ,   250000 ,   235750 ,  233380 ,  235000 ,  239000 ,  243250 ,  255000 ,  269900 ,  255000 ,  252450 ,  244900 ,   255000 ,   250000 ,   258250 ,  249000 ,  255000 ,  242500 ,  258950 ,  264000 ,  281500 ,  280000 ,  286000 ,  255000 ,   261000 ,   283000 ,   267500 ,  271720 ,  285000 ,  285000 ,  275000 ,  285000 ,  289900 ,  286000 ,  294900 ,  280000 ,   303000 ,   285000 ,   275000 ,  282500 ,  291500 ,  310000 ,  288500 ,  297000 ,  295000 ,  300000 ,  315000 ,  331500 ,   344900 ,   327250 ,   307500 ,  329000 ,  329950 ,  345000 ,  350000 ,  360000 ,  365000 ,  370000 ,  389900 ,  365000 ,   359500 ,   375000 ,   371000 ,   375000 ,   375000 ,   390000 ,   389000 ,   406000 ,   395000 ,   389000 ,   370000 ,   375000 ,382250.0
46,47,Siskiyou        ,3,Inland    ,North     ,132499   ,165000   ,150000   ,180000   ,165000   ,170000   ,154999   ,130000   ,145000   ,142500    ,190000    ,163330    ,145000   ,140000   ,107500   ,120000   ,100000   ,140000   ,143330   ,116670   ,113330   ,150000    ,123330    ,131250    ,123330   ,123330   ,110000   ,103330   ,152500   ,120000   ,132500   ,127270   ,140000   ,180000    ,137500    ,133330    ,106670   ,110000   ,123330   ,118000   ,115000   ,163330   ,140000   ,140000   ,155000   ,156670    ,166670    ,160000    ,156670   ,130000   ,173330   ,150000   ,170000   ,163750   ,160000   ,127500   ,155000   ,161670    ,172500    ,135000    ,195000   ,148330   ,176670   ,153330   ,145000   ,152860   ,169500   ,145000   ,175000   ,187000    ,160000    ,141750    ,  195000 ,  168000 ,  151000 ,  166000 ,  175000 ,  215000 ,  214000 ,  204500 ,  192000 ,   182500 ,   183000 ,   255000 ,  239000 ,  240000 ,  184000 ,  200000 ,  211500 ,  235000 ,  215000 ,  212000 ,  187500 ,   217500 ,   189500 ,   192500 ,  193000 ,  200000 ,  226350 ,  217250 ,  210000 ,  187500 ,  223000 ,  216000 ,  205000 ,   181500 ,   226000 ,   182500 ,  151000 ,  224500 ,  205000 ,  208500 ,  235000 ,  270250 ,  210000 ,  210000 ,  240000 ,   235000 ,   242500 ,   225000 ,  255000 ,  219000 ,  244000 ,  260250 ,  230000 ,  213500 ,  253000 ,  260000 ,  267950 ,   286000 ,   263000 ,   228000 ,  257000 ,  322500 ,  259500 ,  302500 ,  289000 ,  300000 ,  350000 ,  327500 ,  315000 ,   329500 ,   299000 ,   273000 ,   296000 ,   340000 ,   308000 ,   322250 ,   368000 ,   390500 ,   339000 ,   360000 ,   352450 ,326750.0
47,48,Solano          ,5,Coastal   ,North     ,215983   ,204297   ,211538   ,211670   ,224120   ,212832   ,212963   ,207090   ,199700   ,218180    ,213260    ,204290    ,192170   ,191780   ,193480   ,189120   ,191850   ,189790   ,190560   ,197880   ,188790   ,191050    ,190770    ,190200    ,184440   ,179020   ,194310   ,191220   ,192980   ,208020   ,196110   ,202240   ,196980   ,220560    ,225400    ,230830    ,243520   ,234520   ,250000   ,255170   ,265090   ,278920   ,279330   ,295890   ,286220   ,294920    ,280360    ,293520    ,296120   ,288300   ,312350   ,315150   ,310000   ,310000   ,335000   ,320000   ,320000   ,320000    ,322200    ,320000    ,315000   ,330000   ,350000   ,339000   ,355000   ,353000   ,350000   ,360000   ,350000   ,342500    ,355000    ,349450    ,  354000 ,  361500 ,  370000 ,  380000 ,  385500 ,  390000 ,  381000 ,  410000 ,  389500 ,   392500 ,   380000 ,   405000 ,  387400 ,  382500 ,  400000 ,  400000 ,  415000 ,  420000 ,  420000 ,  410000 ,  422500 ,   415000 ,   410000 ,   416000 ,  425000 ,  430000 ,  445000 ,  447500 ,  451000 ,  450000 ,  454000 ,  455000 ,  451500 ,   430000 ,   450000 ,   425000 ,  428000 ,  425000 ,  438500 ,  435000 ,  446000 ,  448000 ,  465000 ,  459700 ,  455000 ,   470000 ,   462980 ,   455500 ,  449900 ,  470000 ,  457950 ,  482500 ,  482000 ,  496750 ,  499750 ,  515000 ,  499950 ,   508000 ,   505250 ,   510000 ,  510000 ,  509750 ,  549000 ,  555000 ,  579000 ,  575000 ,  590000 ,  590000 ,  570000 ,   580000 ,   593000 ,   580000 ,   579000 ,   605000 ,   604000 ,   640000 ,   615530 ,   625000 ,   598000 ,   610000 ,   587000 ,565000.0
48,49,Sonoma          ,3,Coastal   ,North     ,365822   ,356707   ,359047   ,365140   ,368310   ,366386   ,370429   ,378830   ,369660   ,351250    ,349380    ,344680    ,338090   ,315340   ,325910   ,332650   ,353750   ,327430   ,333490   ,339200   ,355670   ,322600    ,321290    ,325260    ,326920   ,324710   ,317650   ,343750   ,342520   ,359570   ,352780   ,385610   ,368590   ,374640    ,380800    ,396310    ,367780   ,384900   ,398090   ,442100   ,436520   ,450000   ,473640   ,453790   ,455850   ,469900    ,463820    ,464190    ,460000   ,445000   ,480000   ,460000   ,490000   ,495000   ,500000   ,475000   ,496000   ,490000    ,475000    ,515000    ,474500   ,488250   ,500500   ,535000   ,540000   ,545000   ,543500   ,549000   ,541500   ,529750    ,527000    ,549000    ,  550000 ,  540000 ,  560000 ,  569000 ,  580000 ,  608000 ,  572500 ,  585000 ,  590000 ,   595000 ,   578000 ,   585000 ,  579500 ,  598640 ,  635000 ,  608000 ,  625000 ,  627250 ,  645000 ,  625500 ,  620000 ,   645000 ,   655000 ,   670000 ,  670000 ,  689000 ,  685000 ,  685000 ,  698500 ,  705000 ,  650000 ,  670000 ,  654500 ,   650000 ,   612500 ,   639000 ,  650000 ,  625420 ,  633750 ,  645000 ,  666000 ,  662500 ,  655000 ,  712000 ,  655750 ,   660000 ,   650000 ,   647500 ,  667000 ,  640000 ,  694000 ,  657880 ,  675000 ,  708800 ,  714950 ,  715000 ,  715000 ,   720000 ,   715000 ,   720000 ,  715000 ,  740000 ,  765000 ,  777500 ,  780000 ,  825000 ,  761700 ,  770000 ,  754000 ,   750000 ,   775000 ,   794000 ,   789000 ,   819000 ,   833750 ,   871500 ,   869000 ,   850000 ,   817500 ,   840000 ,   810000 ,797570.0
49,50,Stanislaus      ,5,Inland    ,North     ,140175   ,145303   ,145384   ,141892   ,150309   ,145806   ,148148   ,143098   ,140972   ,144321    ,141923    ,140361    ,132962   ,131428   ,135483   ,134090   ,136785   ,137634   ,130220   ,140540   ,133910   ,133290    ,136580    ,135630    ,134580   ,129863   ,134650   ,138650   ,137860   ,139520   ,143100   ,147850   ,151500   ,151360    ,155760    ,161610    ,155450   ,152500   ,168870   ,174390   ,181160   ,187170   ,193920   ,203120   ,194890   ,209110    ,198400    ,220640    ,205900   ,215380   ,214760   ,212500   ,223870   ,233050   ,230040   ,232240   ,230000   ,228630    ,230950    ,228160    ,230790   ,237680   ,242170   ,243800   ,245570   ,249670   ,250000   ,248000   ,252000   ,259000    ,249500    ,249950    ,  245000 ,  250000 ,  262000 ,  265000 ,  265000 ,  276000 ,  270000 ,  272750 ,  270000 ,   280000 ,   271500 ,   275000 ,  279750 ,  270500 ,  271450 ,  283000 ,  290000 ,  289000 ,  297000 ,  294290 ,  295000 ,   295000 ,   298750 ,   300000 ,  295000 ,  300000 ,  308000 ,  306000 ,  325000 ,  320000 ,  325000 ,  319900 ,  315000 ,   319000 ,   310000 ,   309000 ,  305000 ,  310000 ,  320000 ,  319500 ,  335000 ,  325500 ,  335000 ,  335000 ,  332750 ,   343000 ,   326500 ,   335000 ,  330000 ,  339000 ,  340000 ,  350000 ,  350000 ,  355000 ,  360000 ,  370000 ,  375000 ,   377000 ,   389000 ,   380000 ,  385000 ,  405000 ,  407500 ,  419000 ,  440000 ,  430000 ,  430000 ,  435000 ,  440000 ,   440000 ,   435000 ,   440000 ,   450000 ,   452400 ,   470500 ,   485000 ,   475000 ,   480000 ,   469000 ,   460000 ,   445000 ,430000.0
50,51,Sutter          ,1,Inland    ,North     ,170999   ,162143   ,152222   ,162000   ,177999   ,171333   ,172499   ,175454   ,161429   ,154999    ,155999    ,159166    ,175714   ,137777   ,135262   ,157999   ,146363   ,154545   ,142000   ,148000   ,149000   ,146470    ,148235    ,144444    ,137856   ,134666   ,146315   ,148333   ,143182   ,152857   ,154999   ,147647   ,161538   ,156363    ,145555    ,154999    ,168333   ,168750   ,177999   ,167692   ,186000   ,190833   ,200000   ,200000   ,209524   ,199090    ,207143    ,196666    ,190000   ,188000   ,207690   ,218750   ,214580   ,207690   ,225000   ,230000   ,206820   ,213240    ,218180    ,200000    ,227080   ,213330   ,250000   ,211110   ,218060   ,236000   ,224440   ,240000   ,231000   ,250000    ,260000    ,222000    ,  213700 ,  230000 ,  232000 ,  232000 ,  235000 ,  251000 ,  275000 ,  267410 ,  247500 ,   250500 ,   259000 ,   253500 ,  252000 ,  269120 ,  258000 ,  249500 ,  283000 ,  277000 ,  280300 ,  289000 ,  275000 ,   285000 ,   270000 ,   270000 ,  284200 ,  283500 ,  281000 ,  280000 ,  281000 ,  315000 ,  294500 ,  310000 ,  290000 ,   290000 ,   296000 ,   320000 ,  277500 ,  292500 ,  310000 ,  305000 ,  319900 ,  313000 ,  315000 ,  309000 ,  327500 ,   319900 ,   325000 ,   308250 ,  327250 ,  318500 ,  318050 ,  300000 ,  342550 ,  341000 ,  350000 ,  335000 ,  351000 ,   346050 ,   370000 ,   369900 ,  350000 ,  395000 ,  364250 ,  410000 ,  410000 ,  395000 ,  405000 ,  400000 ,  410000 ,   422550 ,   425000 ,   411000 ,   415000 ,   420000 ,   460000 ,   444000 ,   450000 ,   450000 ,   437100 ,   459000 ,   437850 ,412500.0
51,52,Tehama          ,1,Inland    ,North     ,140000   ,162500   ,132857   ,146670   ,127500   ,140000   ,100000   ,127500   ,150000   ,130000    ,136670    ,136670    ,140000   ,83330    ,125000   ,110000   ,117500   ,87500    ,131430   ,123330   ,131250   ,112500    ,105000    ,132000    ,110000   ,85000    ,108000   ,160000   ,124000   ,140000   ,95000    ,89170    ,127500   ,116670    ,125710    ,130000    ,88330    ,131670   ,156670   ,156000   ,200000   ,140000   ,185000   ,146670   ,150000   ,142500    ,180000    ,137500    ,158000   ,237500   ,180000   ,250000   ,178000   ,182500   ,165000   ,156670   ,170000   ,160000    ,175000    ,205000    ,164290   ,150000   ,163330   ,167500   ,186000   ,200000   ,202500   ,156000   ,192500   ,195250    ,150000    ,185000    ,  190000 ,  170750 ,  189500 ,  184000 ,  170000 ,  235000 ,  184000 ,  202000 ,  219000 ,   163000 ,   235000 ,   204250 ,  210000 ,  225000 ,  201000 ,  207000 ,  203000 ,  187500 ,  206750 ,  225000 ,  191750 ,   210000 ,   224500 ,   190000 ,  227500 ,  189000 ,  222500 ,  210000 ,  197500 ,  234900 ,  223000 ,  208500 ,  228000 ,   233250 ,   199000 ,   255000 ,  275000 ,  224500 ,  315000 ,  232500 ,  243000 ,  260000 ,  255000 ,  281250 ,  225500 ,   262000 ,   259250 ,   237500 ,  260000 ,  265000 ,  280000 ,  217500 ,  290000 ,  240000 ,  264000 ,  290000 ,  285000 ,   283500 ,   371000 ,   273250 ,  250000 ,  299000 ,  299000 ,  362000 ,  348000 ,  318500 ,  402500 ,  349000 ,  315000 ,   343000 ,   325000 ,   322450 ,   359000 ,   311250 ,   401875 ,   350000 ,   377500 ,   341000 ,   325000 ,   301000 ,   302000 ,272500.0
53,54,Tulare          ,1,Inland    ,Central   ,134137   ,134999   ,145143   ,132630   ,141820   ,140889   ,130789   ,138420   ,131790   ,123750    ,121600    ,131510    ,113330   ,120340   ,121950   ,111600   ,117960   ,121520   ,114230   ,124680   ,122940   ,123080    ,126670    ,127660    ,116670   ,119330   ,122630   ,131360   ,127020   ,129070   ,120000   ,133560   ,137060   ,143610    ,139260    ,144440    ,137240   ,133870   ,137560   ,139520   ,157500   ,158710   ,157140   ,158460   ,163500   ,161330    ,161300    ,160910    ,162860   ,163330   ,165380   ,172500   ,177140   ,176520   ,174670   ,184440   ,175000   ,179060    ,187000    ,178620    ,173330   ,172140   ,182630   ,188460   ,188790   ,194170   ,185800   ,191250   ,189540   ,191450    ,174900    ,195500    ,  195000 ,  190000 ,  198000 ,  207250 ,  205000 ,  210000 ,  215000 ,  204900 ,  209900 ,   205000 ,   217500 ,   204950 ,  202500 ,  216500 ,  210000 ,  214900 ,  225000 ,  225450 ,  219950 ,  224900 ,  229950 ,   225000 ,   215000 ,   219500 ,  215730 ,  225000 ,  232500 ,  229250 ,  234950 ,  234500 ,  239000 ,  239000 ,  240000 ,   232000 ,   237400 ,   236450 ,  217750 ,  243500 ,  230000 ,  244950 ,  248000 ,  247500 ,  245000 ,  250000 ,  250000 ,   255000 ,   240000 ,   252000 ,  240000 ,  252000 ,  254480 ,  252750 ,  255250 ,  270000 ,  268000 ,  280220 ,  275000 ,   283000 ,   280000 ,   295000 ,  306920 ,  288500 ,  306650 ,  309600 ,  324350 ,  335000 ,  330000 ,  317500 ,  320000 ,   325000 ,   335000 ,   320000 ,   333000 ,   338000 ,   360975 ,   370000 ,   370000 ,   378000 ,   370000 ,   350000 ,   335000 ,369000.0
54,55,Tuolumne        ,3,Inland    ,North     ,220833   ,200000   ,202273   ,215000   ,218750   ,204167   ,210416   ,202778   ,208333   ,234999    ,202083    ,177777    ,153749   ,192499   ,151428   ,171111   ,181429   ,166000   ,177500   ,161110   ,152000   ,175000    ,157500    ,156670    ,147140   ,165000   ,165000   ,160000   ,160000   ,157780   ,186670   ,204690   ,155710   ,168000    ,194000    ,194280    ,175000   ,160000   ,158000   ,215380   ,184290   ,180000   ,212500   ,215280   ,207690   ,200000    ,212500    ,209090    ,215380   ,222730   ,220830   ,237500   ,244440   ,237500   ,238160   ,214710   ,215910   ,219640    ,220000    ,211670    ,236360   ,195000   ,232140   ,230000   ,241670   ,248610   ,274000   ,244800   ,249000   ,250000    ,238750    ,229000    ,  210000 ,  256500 ,  244900 ,  253750 ,  242500 ,  245000 ,  245000 ,  266450 ,  242500 ,   221000 ,   260000 ,   253380 ,  279450 ,  287500 ,  270500 ,  270000 ,  299000 ,  287000 ,  292500 ,  292000 ,  282000 ,   266000 ,   325000 ,   269900 ,  265000 ,  274000 ,  292500 ,  305000 ,  300000 ,  318500 ,  315000 ,  331360 ,  291400 ,   304000 ,   288500 ,   258950 ,  299500 ,  299000 ,  315000 ,  316000 ,  310000 ,  297000 ,  300000 ,  302500 ,  307000 ,   300000 ,   275500 ,   292000 ,  309000 ,  297500 ,  300000 ,  299000 ,  319000 ,  305000 ,  325000 ,  318000 ,  325000 ,   349500 ,   337500 ,   330000 ,  350500 ,  375000 ,  343600 ,  367000 ,  390700 ,  413820 ,  395000 ,  389000 ,  382500 ,   385000 ,   399000 ,   369500 ,   386750 ,   433500 ,   450000 ,   437500 ,   449000 ,   430000 ,   435000 ,   407500 ,   399500 ,368260.0
55,56,Ventura         ,2,Coastal   ,Southern  ,420689   ,451724   ,444886   ,442610   ,440370   ,450934   ,444230   ,434480   ,453290   ,426980    ,453610    ,441570    ,411760   ,389650   ,443920   ,448440   ,425000   ,443290   ,421880   ,424400   ,415220   ,399160    ,410530    ,391060    ,386870   ,392350   ,417020   ,427320   ,424630   ,429520   ,425480   ,437880   ,432790   ,416350    ,453760    ,446150    ,440670   ,461960   ,475000   ,502940   ,496870   ,562800   ,545720   ,555560   ,550000   ,538740    ,543330    ,535180    ,533730   ,558490   ,559320   ,575390   ,568360   ,571250   ,585830   ,602060   ,589080   ,583810    ,549440    ,569600    ,582630   ,568840   ,596890   ,598500   ,620460   ,634190   ,622580   ,620150   ,599710   ,604610    ,623400    ,601910    ,  638590 ,  610820 ,  620020 ,  630100 ,  617740 ,  662500 ,  615000 ,  609000 ,  583800 ,   599000 ,   625000 ,   589150 ,  587250 ,  582500 ,  627000 ,  635000 ,  636500 ,  637500 ,  648500 ,  640000 ,  609000 ,   635000 ,   640000 ,   645000 ,  660720 ,  609000 ,  638500 ,  665000 ,  670000 ,  675000 ,  662360 ,  660000 ,  673750 ,   650000 ,   643740 ,   640000 ,  615000 ,  620000 ,  640000 ,  650000 ,  659500 ,  647000 ,  685000 ,  661900 ,  659250 ,   660000 ,   660000 ,   657000 ,  660000 ,  649500 ,  705000 ,  675000 ,  681250 ,  700000 ,  720000 ,  741500 ,  787500 ,   750000 ,   760000 ,   740000 ,  776000 ,  750000 ,  770750 ,  865000 ,  806000 ,  840000 ,  825000 ,  853000 ,  815000 ,   830000 ,   858500 ,   850000 ,   850000 ,   887500 ,   914000 ,   955000 ,   915000 ,   930000 ,   920000 ,   884000 ,   850000 ,855000.0
56,57,Yolo            ,4,Inland    ,North     ,263461   ,234999   ,260714   ,242307   ,271000   ,286249   ,239705   ,252778   ,226190   ,229999    ,241304    ,233928    ,223809   ,231999   ,221153   ,241071   ,236666   ,236538   ,235580   ,233040   ,235420   ,202080    ,206900    ,228260    ,195550   ,197500   ,213040   ,238890   ,228850   ,246870   ,255560   ,264580   ,238890   ,245000    ,232350    ,273860    ,260940   ,250000   ,250000   ,291340   ,299140   ,312500   ,346250   ,320310   ,331030   ,311290    ,283330    ,308060    ,289060   ,333330   ,326560   ,331250   ,361630   ,377420   ,340540   ,396550   ,344230   ,344740    ,343180    ,344590    ,307500   ,372860   ,334720   ,376190   ,393180   ,393590   ,382500   ,387000   ,409000   ,370000    ,400000    ,354750    ,  345000 ,  379500 ,  362500 ,  419000 ,  398000 ,  399900 ,  389000 ,  410480 ,  407000 ,   381250 ,   375000 ,   405000 ,  380000 ,  372000 ,  393000 ,  386750 ,  453450 ,  445000 ,  426750 ,  445000 ,  432000 ,   445500 ,   440000 ,   420000 ,  383000 ,  397500 ,  422500 ,  495000 ,  476500 ,  450000 ,  430000 ,  450000 ,  470000 ,   443750 ,   429500 ,   429000 ,  432500 ,  424920 ,  450000 ,  419330 ,  469500 ,  463500 ,  485000 ,  465000 ,  453500 ,   479950 ,   446710 ,   441000 ,  431240 ,  447500 ,  463500 ,  460820 ,  443000 ,  475000 ,  505000 ,  525500 ,  530000 ,   517250 ,   511000 ,   515000 ,  485000 ,  520000 ,  530000 ,  566000 ,  617500 ,  616000 ,  587990 ,  595000 ,  612500 ,   582500 ,   585000 ,   609240 ,   542500 ,   666415 ,   657000 ,   633000 ,   660000 ,   667500 ,   600000 ,   639000 ,   635000 ,595000.0
57,58,Yuba            ,1,Inland    ,North     ,145000   ,148571   ,145000   ,163529   ,153999   ,132222   ,158749   ,131999   ,150000   ,121429    ,125000    ,138571    ,128571   ,122500   ,150833   ,137777   ,131111   ,142727   ,141538   ,124000   ,125000   ,107500    ,134545    ,125714    ,115999   ,122000   ,130714   ,128888   ,122857   ,140000   ,135555   ,141818   ,116249   ,144444    ,149000    ,153749    ,148571   ,151428   ,154999   ,172727   ,176666   ,188750   ,167777   ,186666   ,171428   ,195714    ,207353    ,200000    ,206940   ,200000   ,202940   ,191670   ,194000   ,206250   ,183333   ,208750   ,219440   ,210940    ,190000    ,207140    ,204170   ,215220   ,198890   ,206670   ,219440   ,226320   ,229500   ,222000   ,230000   ,228500    ,202000    ,233000    ,  210000 ,  225000 ,  235450 ,  240000 ,  225000 ,  250000 ,  254500 ,  249900 ,  245000 ,   236000 ,   265000 ,   247450 ,  250000 ,  256500 ,  254900 ,  267500 ,  255570 ,  275470 ,  266890 ,  265000 ,  274900 ,   271950 ,   285000 ,   241000 ,  265360 ,  269000 ,  277900 ,  285000 ,  297500 ,  292500 ,  289000 ,  269000 ,  257500 ,   282000 ,   263000 ,   298000 ,  299000 ,  256000 ,  290000 ,  268000 ,  311000 ,  295000 ,  299900 ,  298000 ,  305000 ,   298000 ,   319500 ,   299850 ,  315000 ,  315000 ,  309440 ,  328900 ,  320000 ,  328950 ,  343750 ,  332400 ,  342000 ,   350000 ,   352500 ,   360000 ,  395000 ,  370000 ,  359500 ,  384700 ,  400000 ,  430100 ,  420000 ,  410000 ,  409900 ,   413000 ,   415000 ,   410000 ,   402500 ,   450000 ,   432500 ,   430000 ,   449500 ,   450000 ,   440000 ,   422500 ,   435000 ,405000.0
