,county_name,region,location1,location2,1/1/2010,2/1/2010,3/1/2010,4/1/2010,5/1/2010,6/1/2010,7/1/2010,8/1/2010,9/1/2010,10/1/2010,11/1/2010,12/1/2010,1/1/2011,2/1/2011,3/1/2011,4/1/2011,5/1/2011,6/1/2011,7/1/2011,8/1/2011,9/1/2011,10/1/2011,11/1/2011,12/1/2011,1/1/2012,2/1/2012,3/1/2012,4/1/2012,5/1/2012,6/1/2012,7/1/2012,8/1/2012,9/1/2012,10/1/2012,11/1/2012,12/1/2012,1/1/2013,2/1/2013,3/1/2013,4/1/2013,5/1/2013,6/1/2013,7/1/2013,8/1/2013,9/1/2013,10/1/2013,11/1/2013,12/1/2013,1/1/2014,2/1/2014,3/1/2014,4/1/2014,5/1/2014,6/1/2014,7/1/2014,8/1/2014,9/1/2014,10/1/2014,11/1/2014,12/1/2014,1/1/2015,2/1/2015,3/1/2015,4/1/2015,5/1/2015,6/1/2015,7/1/2015,8/1/2015,9/1/2015,10/1/2015,11/1/2015,12/1/2015,1/1/2016,2/1/2016,3/1/2016,4/1/2016,5/1/2016,6/1/2016,7/1/2016,8/1/2016,9/1/2016,10/1/2016,11/1/2016,12/1/2016,1/1/2017,2/1/2017,3/1/2017,4/1/2017,5/1/2017,6/1/2017,7/1/2017,8/1/2017,9/1/2017,10/1/2017,11/1/2017,12/1/2017,1/1/2018,2/1/2018,3/1/2018,4/1/2018,5/1/2018,6/1/2018,7/1/2018,8/1/2018,9/1/2018,10/1/2018,11/1/2018,12/1/2018,1/1/2019,2/1/2019,3/1/2019,4/1/2019,5/1/2019,6/1/2019,7/1/2019,8/1/2019,9/1/2019,10/1/2019,11/1/2019,12/1/2019,1/1/2020,2/1/2020,3/1/2020,4/1/2020,5/1/2020,6/1/2020,7/1/2020,8/1/2020,9/1/2020,10/1/2020,11/1/2020,12/1/2020,1/1/2021,2/1/2021,3/1/2021,4/1/2021,5/1/2021,6/1/2021,7/1/2021,8/1/2021,9/1/2021,10/1/2021,11/1/2021,12/1/2021,1/22/2022,2/22/2022,3/22/2022,4/22/2022,5/22/2022,6/22/2022,7/22/2022,8/22/2022,9/22/2022,10/22/2022
0,Alameda,3,Coastal,North,383330.0,410230.0,432720.0,407830.0,472370.0,474520.0,458180.0,440480.0,424770.0,444670.0,434420.0,412210.0,363750.0,392660.0,420420.0,390960.0,415830.0,415300.0,420150.0,407420.0,390440.0,391710.0,396990.0,383430.0,340600.0,360670.0,372220.0,412590.0,430340.0,459760.0,473600.0,466760.0,454170.0,460670.0,467840.0,463010.0,466830.0,451580.0,523280.0,573000.0,593160.0,604600.0,614810.0,607240.0,604100.0,588600.0,607900.0,585440.0,559110.0,572630.0,623110.0,656140.0,680020.0,695210.0,688870.0,691500.0,652610.0,659660.0,670320.0,645680.0,610130.0,651950.0,713060.0,742340.0,763740.0,750000.0,765000.0,735000.0,731000.0,710000.0,730000.0,731500.0,700000.0,715000.0,758000.0,800000.0,828000.0,803000.0,800000.0,775000.0,760000.0,775000.0,800000.0,755000.0,755000.0,786000.0,833750.0,875000.0,862000.0,900000.0,875500.0,867500.0,853000.0,862450.0,880000.0,862000.0,840000.0,832000.0,955000.0,969300.0,1025000.0,1015000.0,970000.0,960000.0,900000.0,900000.0,900000.0,850000.0,826000.0,860000.0,911000.0,940000.0,959000.0,960000.0,950000.0,905500.0,910000.0,925000.0,910000.0,881500.0,875000.0,945000.0,970500.0,1030000.0,955000.0,976000.0,1027500.0,1028220.0,1050000.0,1049000.0,1049040.0,1060000.0,1060000.0,1100000.0,1163000.0,1300000.0,1312500.0,1300000.0,1300000.0,1300000.0,1300000.0,1280000.0,1300000.0,1200000.0,1250000.0,1350000.0,1430000.0,1500000.0,1545000.0,1420000.0,1340000.0,1230000.0,1240000.0,1250000.0
1,Alpine,4,Inland,North,,,,,,,,,,,,,,,,,,,,,,,,,,,,,,,,,,,,,,,,,,,,,,,,334000.0,,,,,,,,,,,,314000.0,450000.0,,537100.0,332600.0,310000.0,298000.0,,365455.0,,260000.0,790000.0,40000.0,550000.0,455000.0,365100.0,310000.0,265000.0,483000.0,,490000.0,,270000.0,573000.0,330000.0,180000.0,381000.0,500000.0,,600000.0,512500.0,402000.0,455000.0,,220000.0,132000.0,344000.0,290000.0,309000.0,250000.0,,550000.0,630000.0,465000.0,,575000.0,250000.0,435000.0,390000.0,960909.0,230000.0,420000.0,640000.0,410000.0,510000.0,460000.0,,4625000.0,2675000.0,412500.0,340000.0,52500.0,75000.0,370000.0,750000.0,500000.0,204545.0,375000.0,372000.0,,425000.0,695000.0,320000.0,350000.0,770000.0,1300000.0,1760000.0,627727.0,375000.0,420000.0,380000.0,,358000.0,499000.0,625000.0,1925000.0,370000.0,460000.0,839000.0,515000.0,90000.0,460000.0,428000.0,,465000.0
2,Amador,4,Inland,North,170000.0,190000.0,186000.0,170000.0,208330.0,188000.0,200000.0,172500.0,167500.0,186670.0,137500.0,173330.0,160000.0,200000.0,170000.0,130000.0,171250.0,152500.0,170000.0,145000.0,130000.0,147140.0,190000.0,142220.0,135000.0,176670.0,118750.0,183330.0,160000.0,146670.0,200000.0,175000.0,196670.0,192000.0,186670.0,177500.0,184000.0,225000.0,200000.0,193330.0,219440.0,233330.0,196670.0,213890.0,252780.0,198000.0,212500.0,192000.0,180000.0,206250.0,214290.0,190000.0,242860.0,238890.0,247500.0,211110.0,225000.0,265000.0,231250.0,229540.0,210710.0,271430.0,250000.0,227500.0,233330.0,256250.0,287000.0,335000.0,240500.0,267000.0,285000.0,275000.0,215500.0,275000.0,307000.0,235000.0,268500.0,319000.0,275000.0,257500.0,243500.0,276500.0,275000.0,272500.0,295000.0,265000.0,314900.0,327000.0,350000.0,337500.0,320000.0,334500.0,315000.0,309000.0,348950.0,305000.0,330000.0,318500.0,340000.0,335000.0,331500.0,335000.0,327000.0,335000.0,325500.0,325000.0,312500.0,314720.0,324000.0,316000.0,320000.0,336500.0,342750.0,320000.0,312500.0,329000.0,325000.0,322000.0,348500.0,300000.0,335000.0,328000.0,335000.0,350000.0,321000.0,337500.0,355000.0,353500.0,359900.0,366500.0,360000.0,355000.0,386250.0,406280.0,430000.0,415000.0,427500.0,461000.0,416000.0,425000.0,432500.0,430640.0,432500.0,399000.0,400000.0,449000.0,440000.0,445000.0,445000.0,424750.0,395000.0,447450.0,400000.0,365000.0
3,Butte,4,Inland,North,250000.0,219230.0,250000.0,238000.0,236760.0,229464.0,235710.0,243420.0,225000.0,244050.0,208930.0,230000.0,180000.0,190000.0,222370.0,217040.0,222620.0,221050.0,196430.0,201320.0,197690.0,186150.0,207950.0,198750.0,194000.0,177860.0,200000.0,197620.0,211290.0,221050.0,215740.0,226090.0,207140.0,210940.0,223860.0,236460.0,208930.0,211760.0,250000.0,234000.0,238300.0,265000.0,239280.0,281820.0,250000.0,248330.0,255950.0,231100.0,227500.0,217650.0,221550.0,231670.0,237880.0,245000.0,276140.0,241450.0,235710.0,233780.0,241910.0,231820.0,231730.0,247320.0,233930.0,253850.0,261110.0,253660.0,265000.0,264250.0,248000.0,262000.0,235000.0,256500.0,260000.0,264960.0,286810.0,272750.0,271000.0,275000.0,288750.0,264120.0,275000.0,293000.0,279000.0,294250.0,264000.0,290000.0,287500.0,302900.0,308000.0,306500.0,299900.0,291000.0,311900.0,307700.0,315000.0,304000.0,314750.0,297000.0,315000.0,316000.0,324100.0,323000.0,315000.0,315000.0,320000.0,318000.0,326940.0,356560.0,376000.0,345450.0,369000.0,360000.0,359000.0,384000.0,374280.0,353150.0,358750.0,358250.0,350000.0,351720.0,355860.0,338750.0,365000.0,377500.0,362000.0,390000.0,395000.0,415000.0,403300.0,401500.0,405000.0,408460.0,420000.0,397000.0,406000.0,438500.0,449000.0,438000.0,454500.0,435000.0,440880.0,460000.0,435000.0,439500.0,456000.0,426500.0,465000.0,467250.0,500000.0,445000.0,450000.0,441000.0,429780.0,438750.0
4,Calaveras,1,Inland,North,166000.0,193333.0,185000.0,193333.0,191999.0,192499.0,201667.0,203125.0,172222.0,194999.0,180000.0,182000.0,163333.0,153333.0,170000.0,157142.0,147500.0,198332.0,150000.0,163750.0,161429.0,180000.0,148571.0,161429.0,156249.0,170000.0,154285.0,133749.0,170000.0,152999.0,191249.0,166666.0,154999.0,171111.0,180000.0,156249.0,180000.0,190000.0,213235.0,202941.0,210000.0,190000.0,223684.0,225000.0,207692.0,217857.0,202273.0,202500.0,204167.0,220454.0,238888.0,239062.0,243332.0,253409.0,240789.0,240000.0,233330.0,247370.0,230550.0,243750.0,228120.0,230000.0,258330.0,258330.0,296870.0,256580.0,270000.0,249000.0,262000.0,246940.0,246250.0,270000.0,258750.0,262500.0,270000.0,276000.0,287500.0,315000.0,291000.0,310000.0,285000.0,300050.0,268500.0,288000.0,285000.0,294500.0,292000.0,318500.0,300000.0,310000.0,324500.0,345000.0,340000.0,298000.0,318000.0,285000.0,306500.0,311500.0,325000.0,340000.0,329000.0,313000.0,330000.0,340000.0,328000.0,302500.0,325000.0,310000.0,335000.0,340000.0,308250.0,340000.0,375000.0,330000.0,325500.0,346360.0,330000.0,356110.0,343500.0,339500.0,343500.0,355000.0,352000.0,332250.0,330000.0,363000.0,349900.0,381000.0,392000.0,393640.0,407120.0,397500.0,398500.0,441500.0,435850.0,475000.0,473800.0,488280.0,463500.0,485000.0,468500.0,432000.0,465320.0,489000.0,467500.0,510000.0,492000.0,504500.0,525000.0,495000.0,459900.0,464950.0,450000.0,414500.0
5,Colusa,1,Inland,North,,,,,,,,,,,,,,,,,,,,,,,,,,,,,,,,,,,,,,,,,,,,,,,,,,,,,,,,,,,,,,,,,,,,,,,,,,,,,,,,,,,,,,,,,,,,,,,,,,,,,,,,,,,,,,,,,,,,,,,,,,,,,,,,,,,,,,,,,,,,,,,,,,,,,,,,,,
6,Contra-Costa,4,Coastal,North,274100.0,278350.0,287800.0,298850.0,308330.0,326970.0,318110.0,313200.0,310840.0,289830.0,281400.0,287080.0,257930.0,267270.0,273350.0,286320.0,283950.0,299360.0,292620.0,294060.0,282000.0,275710.0,279330.0,275180.0,258430.0,252150.0,283010.0,317140.0,345180.0,341100.0,364020.0,334080.0,352260.0,330370.0,346370.0,360110.0,339340.0,346670.0,386410.0,462720.0,484640.0,491080.0,508720.0,482530.0,454760.0,446060.0,457080.0,451490.0,397760.0,441280.0,464350.0,494280.0,519670.0,510990.0,546580.0,538510.0,499220.0,490480.0,457630.0,483330.0,442440.0,476340.0,491780.0,553030.0,557060.0,555000.0,550000.0,560000.0,525000.0,505000.0,550000.0,500000.0,500000.0,529000.0,548780.0,565000.0,595000.0,625000.0,625000.0,570000.0,549900.0,535650.0,569000.0,550000.0,540000.0,554250.0,585000.0,653694.0,653000.0,660000.0,633250.0,627860.0,605000.0,615000.0,615000.0,600000.0,555000.0,610000.0,655000.0,689660.0,687500.0,702370.0,680000.0,650000.0,650000.0,657000.0,641000.0,612500.0,595000.0,649480.0,644000.0,679000.0,700360.0,698000.0,660000.0,672750.0,656000.0,681250.0,640000.0,665000.0,614000.0,635250.0,711000.0,710000.0,690000.0,750500.0,785000.0,805000.0,783000.0,787250.0,810000.0,763000.0,765000.0,817500.0,920000.0,990000.0,1015000.0,990000.0,940000.0,889500.0,897000.0,900500.0,876000.0,830000.0,829000.0,935000.0,965900.0,1050000.0,1025000.0,976940.0,902500.0,870000.0,882000.0,867000.0
7,Del Norte,1,Coastal,North,185000.0,194999.0,190000.0,160000.0,150000.0,140000.0,150000.0,185000.0,95000.0,140000.0,125000.0,150000.0,225000.0,216666.0,140000.0,125000.0,160000.0,208333.0,173333.0,110000.0,190000.0,163333.0,250000.0,154999.0,140000.0,120000.0,146666.0,134999.0,153333.0,160000.0,180000.0,180000.0,170000.0,237499.0,150000.0,180000.0,140000.0,160000.0,165000.0,140000.0,147500.0,137499.0,156666.0,110000.0,125000.0,180000.0,140000.0,125000.0,130000.0,225000.0,160000.0,160000.0,170000.0,200000.0,163333.0,157500.0,140000.0,157500.0,132500.0,155000.0,160000.0,200000.0,140000.0,132220.0,170000.0,212500.0,206000.0,190000.0,216500.0,249000.0,265000.0,195000.0,157000.0,175000.0,199000.0,315000.0,189500.0,198750.0,201280.0,174500.0,239500.0,264500.0,225000.0,232250.0,218500.0,265000.0,130000.0,239000.0,220000.0,165000.0,204900.0,214950.0,224300.0,220000.0,214000.0,251500.0,198500.0,216500.0,200000.0,239000.0,214000.0,312500.0,210000.0,249900.0,205000.0,223000.0,250000.0,243900.0,217000.0,245000.0,253020.0,216500.0,256850.0,353500.0,275000.0,264180.0,280000.0,247500.0,252500.0,276780.0,227000.0,297000.0,233500.0,240000.0,338450.0,242000.0,332000.0,283500.0,308000.0,325000.0,308750.0,346000.0,399000.0,359000.0,309000.0,364170.0,415000.0,358500.0,355000.0,357500.0,437500.0,360100.0,384390.0,291000.0,372500.0,390000.0,398000.0,357500.0,320000.0,400690.0,376000.0,378960.0,418750.0,389900.0
8,El Dorado,3,Inland,North,325000.0,307576.0,311956.0,311956.0,318000.0,335227.0,325581.0,290151.0,296211.0,275862.0,289843.0,298809.0,279545.0,248999.0,278333.0,278124.0,262000.0,295454.0,265150.0,277680.0,238750.0,256580.0,241670.0,266410.0,250000.0,242570.0,277270.0,257410.0,277270.0,252840.0,280830.0,268380.0,279170.0,276350.0,282260.0,292420.0,283570.0,307900.0,329170.0,344170.0,338240.0,342250.0,350760.0,355840.0,334910.0,367390.0,361860.0,360580.0,335000.0,332050.0,385710.0,366950.0,374240.0,372950.0,385160.0,391670.0,364650.0,355800.0,374540.0,385230.0,375000.0,384880.0,393400.0,405170.0,436510.0,410320.0,420750.0,383000.0,399000.0,385000.0,394950.0,413750.0,405000.0,422000.0,435010.0,432000.0,429500.0,461550.0,425000.0,425000.0,419000.0,419000.0,442000.0,434500.0,414250.0,419500.0,450000.0,474500.0,469000.0,499000.0,480500.0,485000.0,449950.0,445000.0,470000.0,450000.0,480000.0,468000.0,510000.0,499999.0,552000.0,525000.0,504000.0,480000.0,465000.0,500000.0,461750.0,454500.0,460000.0,495000.0,506160.0,524000.0,521380.0,497500.0,510500.0,525000.0,489900.0,490000.0,485000.0,465000.0,442120.0,465000.0,507500.0,500000.0,535000.0,510000.0,550000.0,570000.0,588000.0,559000.0,585000.0,538350.0,600000.0,577500.0,652500.0,654750.0,688000.0,702000.0,655000.0,680890.0,650000.0,615000.0,665000.0,620000.0,607500.0,730000.0,750000.0,711000.0,728750.0,715000.0,650000.0,631000.0,647450.0,684000.0
9,Fresno,2,Inland,Central,145965.0,152741.0,150963.0,148230.0,157520.0,161176.0,150000.0,149880.0,155060.0,149460.0,146020.0,145280.0,136020.0,141360.0,138120.0,130200.0,136850.0,135490.0,137100.0,141500.0,139030.0,140100.0,141470.0,136740.0,128200.0,139280.0,134690.0,140100.0,141580.0,150000.0,149060.0,151110.0,159130.0,151850.0,148240.0,157620.0,151450.0,158950.0,160510.0,173860.0,167770.0,175820.0,183870.0,184000.0,185830.0,182620.0,193020.0,190350.0,184120.0,182270.0,202100.0,192880.0,199540.0,201080.0,201530.0,203760.0,208210.0,200600.0,200000.0,204430.0,211470.0,210320.0,213960.0,217510.0,216110.0,223150.0,225000.0,220000.0,220000.0,215000.0,225000.0,225000.0,216000.0,214250.0,231000.0,229000.0,232000.0,241000.0,235700.0,239000.0,240000.0,240000.0,238000.0,239500.0,238000.0,230000.0,247250.0,244090.0,250000.0,260000.0,258000.0,259000.0,265000.0,254950.0,264000.0,259750.0,245450.0,266440.0,264950.0,260000.0,279980.0,275500.0,280000.0,280000.0,267000.0,272000.0,265750.0,266500.0,270000.0,265000.0,280000.0,271250.0,284900.0,283000.0,284400.0,285000.0,296000.0,287000.0,291500.0,285000.0,289950.0,289950.0,282500.0,290000.0,295000.0,313950.0,320000.0,322000.0,325000.0,331500.0,323500.0,325500.0,325000.0,350000.0,350000.0,355000.0,361500.0,375000.0,370000.0,375000.0,380000.0,385000.0,385000.0,395000.0,395500.0,405000.0,415000.0,425000.0,420000.0,425000.0,407000.0,405000.0,415000.0,400000.0
10,Glenn,1,Inland,North,160000.0,150000.0,120000.0,146000.0,166666.0,106666.0,182500.0,134999.0,180000.0,126666.0,125000.0,118332.0,190000.0,85000.0,110000.0,125000.0,122000.0,100000.0,142500.0,96428.0,154999.0,95000.0,120000.0,120000.0,200000.0,113333.0,95000.0,154999.0,98749.0,162000.0,130000.0,160000.0,163333.0,120000.0,160000.0,180000.0,150000.0,110000.0,130000.0,185000.0,160000.0,136666.0,140000.0,134999.0,133999.0,125000.0,150000.0,190000.0,180000.0,200000.0,140000.0,170000.0,152500.0,175000.0,145000.0,170000.0,147500.0,167500.0,95000.0,176670.0,162500.0,220000.0,190000.0,153330.0,170000.0,253120.0,177500.0,206000.0,231250.0,201500.0,190000.0,174500.0,159975.0,197500.0,196000.0,225000.0,175000.0,205000.0,225000.0,230500.0,220500.0,185050.0,215000.0,197500.0,221000.0,181500.0,211000.0,230000.0,200000.0,210000.0,205000.0,225000.0,207500.0,215000.0,232000.0,230000.0,228500.0,219600.0,244500.0,215000.0,230000.0,227710.0,235000.0,225500.0,227500.0,253000.0,225000.0,246500.0,225000.0,281000.0,250000.0,241250.0,245000.0,250000.0,268750.0,270000.0,266500.0,245000.0,330000.0,252000.0,315000.0,288250.0,288500.0,282000.0,323250.0,295000.0,257500.0,263500.0,347520.0,287500.0,334750.0,297500.0,247500.0,319500.0,325000.0,302500.0,384000.0,310000.0,320000.0,302500.0,327500.0,307000.0,360000.0,345000.0,332500.0,412500.0,320000.0,281260.0,417000.0,325000.0,360000.0,327500.0,327000.0,310000.0
11,Humboldt,6,Coastal,North,246874.0,232499.0,270652.0,265480.0,261960.0,242856.0,250000.0,252780.0,247220.0,240280.0,271880.0,248440.0,244790.0,238890.0,250000.0,225000.0,250000.0,243750.0,233000.0,223860.0,250000.0,228950.0,223440.0,227630.0,220000.0,232950.0,223330.0,240280.0,229810.0,251140.0,229690.0,218750.0,223610.0,243270.0,238040.0,216670.0,234720.0,231670.0,225000.0,251190.0,233930.0,251090.0,267050.0,247220.0,251090.0,260530.0,239280.0,254170.0,270590.0,218750.0,230680.0,238460.0,254350.0,248960.0,247000.0,255260.0,246050.0,260340.0,262500.0,263000.0,263890.0,250000.0,253120.0,256250.0,250000.0,273280.0,274900.0,268000.0,270000.0,255000.0,275000.0,285000.0,247800.0,265540.0,280000.0,277500.0,270000.0,284000.0,307900.0,290000.0,290000.0,305000.0,289000.0,295000.0,296500.0,297500.0,295000.0,300000.0,289500.0,302500.0,307500.0,316750.0,325000.0,305450.0,310000.0,319500.0,300000.0,291700.0,313500.0,309000.0,314900.0,331250.0,310000.0,315000.0,315000.0,315000.0,310000.0,308000.0,325500.0,298000.0,310000.0,305000.0,315000.0,340000.0,334370.0,320000.0,345000.0,325000.0,328190.0,318500.0,308000.0,310390.0,330000.0,317000.0,340750.0,317000.0,349000.0,340000.0,345000.0,379500.0,351000.0,370000.0,366000.0,360000.0,359000.0,425000.0,400000.0,420000.0,413000.0,408500.0,430000.0,420000.0,450750.0,450290.0,425000.0,452500.0,430000.0,464300.0,458500.0,435000.0,480000.0,465000.0,460000.0,439500.0
12,Imperial,10,Inland,Southern,,,,,,,,,,,,,,,,,,,,,,,,,,,,,,,,,,,,,,,,,,,,,,,,,,,,,,,,,,,,,,,,,,,,,,,,,,,,,,,,,,,,,,,,,,,,,,,,,,,,,,,,,,,,,,,,,,,,,,,,,,,,,,,,,,,,,,,,,,,,,,,,,,,,,,,,,,
13,Inyo,6,Inland,Central,,,,,,,,,,,,,,,,,,,,,,,,,,,,,,,,,,,,,,,,,,,,,,,,,,,,,,,,,,,,,,,,,,,,,,,,,,,,,,,,,,,,,,,,,,,,,,,,,,,,,,,,,,,,,,,,,,,,,,,,,,,,,,,,,,,,,,,,,,,,,,,,,,,,,,,,,,
14,Kern,1,Inland,Central,127900.0,147599.0,136000.0,136250.0,145520.0,132000.0,144700.0,142700.0,130000.0,135000.0,130000.0,125000.0,127000.0,125000.0,127500.0,126750.0,135000.0,140000.0,139950.0,133950.0,131000.0,134000.0,134320.0,134950.0,130000.0,120650.0,132380.0,146000.0,137500.0,144450.0,141500.0,155000.0,150000.0,155000.0,150000.0,161150.0,164200.0,170000.0,175000.0,180000.0,188000.0,195000.0,195500.0,199950.0,193500.0,185000.0,190000.0,208100.0,210340.0,195000.0,201000.0,200000.0,209950.0,215000.0,210160.0,214680.0,215000.0,215000.0,211220.0,211250.0,195000.0,217500.0,208550.0,215050.0,228600.0,219330.0,229700.0,225000.0,219900.0,210000.0,219000.0,215000.0,215000.0,220000.0,220000.0,215600.0,225000.0,239700.0,233500.0,220000.0,215000.0,227000.0,225000.0,220000.0,215000.0,218000.0,225000.0,236750.0,230000.0,229450.0,235000.0,235100.0,234700.0,229500.0,235000.0,233000.0,225500.0,237000.0,232500.0,235000.0,247750.0,245000.0,250000.0,247000.0,241000.0,240000.0,235250.0,242380.0,240000.0,240000.0,249950.0,250000.0,252000.0,259450.0,263000.0,255500.0,257600.0,262000.0,258000.0,262900.0,252000.0,259000.0,259480.0,272000.0,270000.0,275000.0,282980.0,285840.0,292000.0,295000.0,290000.0,300000.0,302000.0,295000.0,310000.0,315000.0,317000.0,325000.0,330000.0,326000.0,341500.0,340000.0,336940.0,350000.0,367000.0,370000.0,369750.0,385000.0,385000.0,380000.0,362900.0,373250.0,365000.0,379980.0
15,Kings,2,Inland,Central,174999.0,165000.0,154285.0,170000.0,178570.0,174999.0,177999.0,168570.0,167860.0,167780.0,164000.0,158000.0,147140.0,154000.0,137270.0,136150.0,137690.0,154000.0,114280.0,130000.0,141670.0,138180.0,152860.0,131670.0,140000.0,144000.0,139090.0,152940.0,143330.0,136870.0,141000.0,153330.0,156670.0,151430.0,139230.0,146000.0,153330.0,153750.0,146000.0,157140.0,149000.0,147780.0,173330.0,184000.0,168460.0,181000.0,171670.0,154280.0,160000.0,182500.0,179230.0,166250.0,171670.0,194440.0,175450.0,183330.0,183330.0,168670.0,192500.0,195550.0,172500.0,196000.0,190000.0,172860.0,183330.0,195380.0,193790.0,184000.0,198000.0,180000.0,185000.0,200000.0,190000.0,205000.0,205000.0,202000.0,215000.0,207000.0,215000.0,209220.0,197000.0,217000.0,210000.0,215000.0,200000.0,222500.0,215000.0,232000.0,211000.0,230000.0,222000.0,225000.0,223000.0,213500.0,230000.0,225000.0,238000.0,215000.0,238000.0,235000.0,235000.0,245000.0,224980.0,227750.0,239950.0,229000.0,222000.0,243000.0,219900.0,221000.0,232000.0,240000.0,260000.0,247150.0,254750.0,258450.0,258000.0,251000.0,258000.0,255000.0,247450.0,255000.0,250000.0,260900.0,249950.0,265000.0,275000.0,265500.0,264000.0,290500.0,265000.0,281750.0,278750.0,280000.0,292500.0,305000.0,315000.0,295000.0,320000.0,310000.0,320000.0,325000.0,333500.0,330000.0,322500.0,327000.0,325000.0,360000.0,381500.0,327000.0,350000.0,321750.0,342500.0,328000.0
16,Lake,10,Coastal,North,137140.0,128181.0,155000.0,126000.0,135000.0,146430.0,140770.0,132860.0,127500.0,125000.0,113640.0,113750.0,107500.0,123330.0,94170.0,98330.0,105560.0,85620.0,118890.0,123640.0,120000.0,96500.0,128750.0,114170.0,118570.0,103640.0,110000.0,113330.0,128000.0,116870.0,135450.0,125560.0,146670.0,111430.0,142500.0,127500.0,134440.0,125000.0,145000.0,156670.0,141250.0,155000.0,141430.0,153330.0,150000.0,196250.0,143330.0,165000.0,160000.0,170000.0,158460.0,158000.0,170000.0,184440.0,174540.0,178330.0,180000.0,190000.0,186670.0,162860.0,163330.0,184290.0,225000.0,200000.0,217190.0,211670.0,212000.0,215000.0,225000.0,210000.0,256000.0,218000.0,235000.0,190000.0,242450.0,240500.0,238000.0,259000.0,245250.0,234500.0,220000.0,262500.0,259000.0,210000.0,215000.0,230000.0,215000.0,248468.0,240000.0,259500.0,265000.0,241500.0,234250.0,257500.0,262000.0,269500.0,279000.0,234500.0,280000.0,285000.0,263400.0,298800.0,249950.0,265000.0,288000.0,265250.0,255000.0,269000.0,265000.0,260000.0,243500.0,262400.0,267000.0,270000.0,249000.0,260000.0,270000.0,275000.0,297500.0,271500.0,253000.0,235000.0,275500.0,272000.0,300000.0,322500.0,307000.0,309500.0,307500.0,325000.0,317000.0,306950.0,300000.0,326500.0,333000.0,324950.0,360000.0,335000.0,351000.0,335000.0,372120.0,345000.0,335000.0,341250.0,349900.0,360000.0,370000.0,321000.0,360000.0,365000.0,356000.0,330000.0,339500.0,353000.0
17,Lassen,6,Inland,North,,,,,,,,,,,,,,,,,,,,,,,,,,,,,,,,,,,,,,,,,,,,,,,,,,,,,,,,,,,,,,,,,,,,,,,,,105000.0,135000.0,112000.0,152950.0,134450.0,166000.0,165000.0,185000.0,161090.0,142500.0,144500.0,159000.0,175000.0,171000.0,182000.0,175500.0,192500.0,195000.0,171000.0,215000.0,145500.0,160000.0,189000.0,175000.0,217750.0,280000.0,135000.0,155500.0,215000.0,212000.0,185000.0,192500.0,159450.0,148000.0,184000.0,208000.0,228500.0,185000.0,220000.0,200950.0,205000.0,215000.0,225000.0,200000.0,180000.0,162000.0,222500.0,247500.0,239000.0,199000.0,230000.0,167000.0,195000.0,225000.0,205000.0,249000.0,272500.0,194500.0,231250.0,215000.0,249500.0,208250.0,252000.0,253000.0,247450.0,244950.0,215000.0,204500.0,205000.0,232500.0,264750.0,292000.0,259000.0,239000.0,243000.0,245000.0,302500.0,260000.0,260000.0,199000.0,269000.0,290500.0
18,Los Angeles,6,Coastal,Southern,316698.0,283299.0,290000.0,289710.0,297410.0,310871.0,331420.0,336420.0,355900.0,333970.0,302450.0,328140.0,305570.0,286100.0,282170.0,290600.0,271540.0,301300.0,317060.0,312900.0,330610.0,307970.0,291260.0,306950.0,290900.0,272690.0,272920.0,286800.0,282930.0,315390.0,334190.0,344770.0,373020.0,364810.0,337080.0,367400.0,349720.0,337630.0,340890.0,361630.0,365990.0,403760.0,421350.0,444950.0,459010.0,447130.0,405470.0,439830.0,423570.0,389080.0,395660.0,406750.0,411640.0,435950.0,461290.0,474640.0,486030.0,477600.0,434070.0,464650.0,441610.0,419260.0,419370.0,427010.0,432570.0,473290.0,490360.0,492360.0,517750.0,509570.0,457870.0,502750.0,480950.0,444410.0,441700.0,457180.0,467290.0,502190.0,513700.0,520400.0,550705.0,536760.0,487060.0,522520.0,509130.0,470200.0,465810.0,480230.0,492040.0,548220.0,566240.0,570720.0,606110.0,580360.0,530920.0,577690.0,564100.0,527280.0,528980.0,528540.0,536940.0,586090.0,597520.0,607490.0,634680.0,614500.0,553940.0,588140.0,566010.0,541390.0,525520.0,544170.0,539480.0,599680.0,611230.0,627690.0,663110.0,647900.0,594840.0,641340.0,617520.0,580690.0,567910.0,565170.0,553710.0,619320.0,660340.0,692630.0,766010.0,745080.0,673310.0,660000.0,697660.0,664120.0,689440.0,718440.0,725680.0,796120.0,809750.0,830070.0,886050.0,848970.0,769500.0,826500.0,800960.0,773490.0,781050.0,801680.0,798720.0,860230.0,846320.0,854960.0,891770.0,854280.0
19,Madera,6,Inland,North,140667.0,160000.0,146000.0,145830.0,140910.0,135555.0,146666.0,142500.0,141670.0,140000.0,129000.0,143080.0,146150.0,149230.0,133530.0,135380.0,116670.0,122000.0,92500.0,128750.0,125380.0,132500.0,103330.0,106000.0,113750.0,103330.0,125000.0,137500.0,124290.0,128890.0,118330.0,127500.0,120000.0,140000.0,113330.0,144290.0,98330.0,130000.0,136000.0,170000.0,142000.0,150000.0,175710.0,170000.0,190000.0,153330.0,160000.0,200000.0,200000.0,172860.0,206670.0,214060.0,223210.0,206250.0,211110.0,213890.0,207500.0,210420.0,236360.0,212500.0,245000.0,217500.0,198750.0,222500.0,222060.0,199000.0,215000.0,211500.0,218480.0,202500.0,220000.0,228500.0,227500.0,219920.0,219500.0,215000.0,213500.0,230380.0,233000.0,245000.0,240000.0,225000.0,216950.0,237500.0,237500.0,230000.0,239000.0,240000.0,249000.0,274900.0,279250.0,263500.0,269900.0,251980.0,245000.0,239000.0,275000.0,255000.0,265000.0,244000.0,259000.0,268000.0,250000.0,254900.0,282500.0,254950.0,265000.0,263000.0,260000.0,259000.0,265000.0,271950.0,270000.0,291250.0,297500.0,279000.0,276500.0,299950.0,295500.0,285100.0,334790.0,285000.0,285000.0,306500.0,297500.0,300000.0,313850.0,329000.0,331120.0,302750.0,320000.0,335000.0,325000.0,354500.0,365000.0,378000.0,360000.0,357500.0,390000.0,377500.0,375000.0,394880.0,392500.0,357000.0,394000.0,400000.0,430000.0,418000.0,430000.0,421000.0,433000.0,400000.0,410000.0,400000.0
20,Marin,2,Coastal,North,729166.0,782609.0,790625.0,892360.0,838940.0,840686.0,822674.0,794120.0,797790.0,757810.0,861610.0,753680.0,657890.0,632580.0,826700.0,726060.0,807140.0,843080.0,761030.0,806550.0,786580.0,781250.0,736410.0,693880.0,694440.0,732140.0,672620.0,783850.0,791670.0,823980.0,845980.0,806450.0,769230.0,806370.0,837840.0,796880.0,799110.0,859380.0,888890.0,952870.0,963110.0,1000000.0,1000000.0,987740.0,893140.0,959740.0,942070.0,893750.0,905000.0,967500.0,975000.0,987000.0,1047500.0,1050000.0,1058000.0,952500.0,1181500.0,980000.0,1075000.0,980000.0,957000.0,1000000.0,1142500.0,1100000.0,1150000.0,1105000.0,1049000.0,1077500.0,1050000.0,1200000.0,1200000.0,1100000.0,952500.0,1141400.0,1187500.0,1200000.0,1237500.0,1218500.0,1150000.0,1200000.0,1165000.0,1225000.0,1050000.0,1118700.0,1150000.0,1174500.0,1250000.0,1325000.0,1315000.0,1272500.0,1224000.0,1207120.0,1250000.0,1252500.0,1230000.0,1268900.0,1317500.0,1371000.0,1392500.0,1385000.0,1415000.0,1415000.0,1325000.0,1222500.0,1395000.0,1450000.0,1172940.0,1270500.0,1149500.0,1290000.0,1300000.0,1350000.0,1400000.0,1370000.0,1257000.0,1230000.0,1360000.0,1397500.0,1270000.0,1300000.0,1294000.0,1347500.0,1376000.0,1365000.0,1500000.0,1490000.0,1545500.0,1512500.0,1550000.0,1468500.0,1425000.0,1459000.0,1350000.0,1540000.0,1627500.0,1610000.0,1632500.0,1712500.0,1750000.0,1560000.0,1710000.0,1685000.0,1535000.0,1510000.0,1450000.0,1580000.0,1737500.0,2112500.0,2100305.0,1800000.0,1720000.0,1626000.0,1735000.0,1662500.0
21,Mariposa,1,Inland,North,215000.0,250000.0,210000.0,275000.0,225000.0,225000.0,450000.0,225000.0,250000.0,220000.0,134999.0,206250.0,193333.0,174999.0,216666.0,225000.0,180000.0,208333.0,180000.0,196666.0,170000.0,220000.0,150000.0,200000.0,160000.0,206250.0,136666.0,173333.0,150000.0,208333.0,154999.0,225000.0,266666.0,216666.0,145000.0,160000.0,160000.0,190000.0,180000.0,225000.0,212500.0,190000.0,300000.0,200000.0,243749.0,300000.0,212500.0,229999.0,225000.0,225000.0,245830.0,237500.0,241670.0,237500.0,300000.0,216670.0,250000.0,225000.0,250000.0,245000.0,268750.0,250000.0,275000.0,245830.0,250000.0,281250.0,277000.0,277500.0,236150.0,248750.0,276000.0,224900.0,279000.0,264250.0,227500.0,235000.0,299000.0,264000.0,270000.0,311500.0,332500.0,267250.0,258250.0,227000.0,272450.0,335000.0,285000.0,273000.0,271000.0,300000.0,262500.0,280000.0,299000.0,275000.0,250000.0,310000.0,276500.0,357000.0,290000.0,344850.0,320000.0,307000.0,327750.0,325000.0,315000.0,305500.0,355000.0,320000.0,316120.0,369000.0,277500.0,286500.0,295000.0,354500.0,281400.0,330000.0,318000.0,295000.0,410000.0,299900.0,266000.0,327500.0,335000.0,330000.0,280000.0,370400.0,425000.0,380750.0,457500.0,375000.0,374000.0,380000.0,400000.0,397500.0,421360.0,343200.0,415000.0,409700.0,382000.0,475000.0,459000.0,455000.0,499500.0,390000.0,350000.0,446250.0,530000.0,423000.0,465000.0,470000.0,601000.0,450000.0,342200.0,399000.0
22,Mendocino,8,Coastal,North,237499.0,262500.0,294999.0,240620.0,280000.0,257143.0,239999.0,258330.0,232500.0,304550.0,251790.0,220830.0,225000.0,200000.0,192500.0,225000.0,281250.0,181430.0,214280.0,201920.0,220000.0,260710.0,190000.0,204170.0,190000.0,190000.0,225000.0,209090.0,254540.0,257140.0,235000.0,206250.0,211360.0,262500.0,223080.0,246430.0,245000.0,259090.0,221880.0,350000.0,250000.0,242860.0,286360.0,276670.0,285710.0,255000.0,300000.0,278570.0,298500.0,271500.0,270000.0,263675.0,295000.0,330150.0,299000.0,292975.0,295000.0,355000.0,329000.0,270000.0,257500.0,309000.0,290000.0,350000.0,310000.0,305100.0,317000.0,345000.0,340000.0,353500.0,369000.0,360000.0,355000.0,382500.0,379000.0,331000.0,330000.0,350000.0,345000.0,362500.0,370000.0,360000.0,371500.0,366000.0,417500.0,381500.0,395000.0,358000.0,410000.0,445000.0,370000.0,402500.0,419000.0,405000.0,374500.0,409500.0,425000.0,420000.0,379000.0,430000.0,420000.0,449000.0,393750.0,430000.0,433500.0,420000.0,414000.0,424900.0,384560.0,377000.0,394500.0,418500.0,388500.0,399000.0,395000.0,413500.0,407500.0,406500.0,400290.0,447000.0,412000.0,467000.0,382810.0,395000.0,426000.0,425000.0,485000.0,524000.0,500250.0,529500.0,494000.0,540000.0,517500.0,525000.0,510000.0,528000.0,602500.0,582500.0,650000.0,533000.0,500000.0,534000.0,522500.0,564950.0,508500.0,500000.0,506000.0,545000.0,597500.0,582000.0,619500.0,502500.0,535000.0,530000.0
23,Merced,4,Inland,North,96666.0,100952.0,108080.0,115130.0,124440.0,119130.0,107780.0,121870.0,121070.0,107500.0,108890.0,117500.0,100620.0,117270.0,115290.0,103890.0,111850.0,114210.0,113080.0,126670.0,120000.0,121430.0,117000.0,106110.0,112000.0,119280.0,115290.0,120000.0,119410.0,107730.0,133330.0,123330.0,138570.0,123000.0,142000.0,136920.0,137000.0,125290.0,144000.0,139560.0,151050.0,154120.0,163080.0,155880.0,178570.0,171820.0,151540.0,160000.0,149330.0,181670.0,154000.0,164550.0,171430.0,158820.0,173640.0,186670.0,159500.0,190710.0,177650.0,178230.0,168750.0,168750.0,190000.0,204840.0,203570.0,206080.0,195900.0,190000.0,205050.0,195000.0,215000.0,211000.0,193950.0,199000.0,185000.0,205000.0,223500.0,213500.0,215000.0,220000.0,214000.0,233250.0,215000.0,235000.0,225500.0,231000.0,229500.0,247915.0,243500.0,250100.0,260000.0,250000.0,260000.0,250000.0,255000.0,239900.0,257000.0,267850.0,257500.0,259000.0,262000.0,275000.0,267450.0,288400.0,280000.0,271850.0,261930.0,269060.0,279990.0,269000.0,275000.0,276000.0,285000.0,287000.0,283000.0,278600.0,277250.0,285000.0,275000.0,278800.0,282950.0,285950.0,280000.0,273900.0,285000.0,300000.0,319900.0,335000.0,300500.0,322500.0,315500.0,315000.0,307000.0,318750.0,318000.0,325000.0,350000.0,360000.0,357500.0,369250.0,370000.0,370000.0,375000.0,375000.0,387380.0,390000.0,385000.0,395000.0,414250.0,400000.0,410000.0,385000.0,377000.0,380000.0
24,Modoc,1,Inland,North,,,,,,,,,,,,,,,,,,,,,,,,,,,,,,,,,,,,,,,,,,,,,,,,,,,,,,,,,,,,,,,,,,,,,,,,,,,,,,,,,,,,,,,,,,,,,,,,,,,,,,,,,,,,,,,,,,,,,,,,,,,,,,,,,,,,,,,,,,,,,,,,,,,,,,,,,,
25,Mono,3,Inland,North,625000.0,1250000.0,625000.0,625000.0,666666.0,583333.0,400000.0,333333.0,500000.0,500000.0,750000.0,450000.0,625000.0,562500.0,1125000.0,474999.0,541667.0,450000.0,583333.0,500000.0,350000.0,374999.0,362499.0,357142.0,500000.0,541667.0,500000.0,525000.0,625000.0,483333.0,450000.0,593750.0,350000.0,416667.0,325000.0,462499.0,400000.0,300000.0,425000.0,387499.0,450000.0,400000.0,708333.0,333333.0,500000.0,450000.0,400000.0,474999.0,625000.0,474999.0,450000.0,474999.0,575000.0,687499.0,500000.0,474999.0,450000.0,483333.0,350000.0,625000.0,583333.0,937499.0,562500.0,562500.0,450000.0,687499.0,450000.0,550000.0,550000.0,599000.0,548000.0,995000.0,475000.0,282450.0,580000.0,316500.0,585000.0,664250.0,534600.0,532500.0,465000.0,379000.0,618750.0,528500.0,526750.0,520880.0,1022500.0,516250.0,627500.0,482850.0,578000.0,386500.0,632500.0,715000.0,400000.0,515000.0,480000.0,830000.0,780000.0,520000.0,852500.0,570000.0,899500.0,880000.0,622500.0,599900.0,725000.0,541000.0,782000.0,765000.0,800000.0,717250.0,564500.0,910000.0,692500.0,712500.0,699750.0,725000.0,556000.0,400000.0,780000.0,700000.0,665000.0,801250.0,520150.0,720000.0,669500.0,665000.0,875000.0,844500.0,806000.0,880000.0,1112500.0,1435000.0,1700000.0,974000.0,1140000.0,822500.0,805000.0,819500.0,844500.0,840000.0,840000.0,972500.0,950000.0,992500.0,1100000.0,2362500.0,870000.0,788500.0,815000.0,797500.0,1105000.0,960000.0
26,Monterey,4,Coastal,North,246500.0,255000.0,245000.0,262000.0,280000.0,274000.0,270000.0,270000.0,249950.0,275000.0,244000.0,235000.0,251850.0,231000.0,255900.0,255000.0,250000.0,285000.0,250000.0,252000.0,280000.0,266000.0,270000.0,275000.0,280000.0,265000.0,314900.0,280000.0,295000.0,289000.0,280750.0,317500.0,330000.0,315000.0,323100.0,346500.0,339500.0,315000.0,359900.0,380000.0,410000.0,417000.0,408800.0,407000.0,422500.0,412000.0,420000.0,438500.0,428500.0,500000.0,521250.0,451500.0,445000.0,485000.0,445000.0,492500.0,451000.0,460000.0,460000.0,430000.0,420000.0,500000.0,510000.0,455000.0,530000.0,485000.0,479500.0,470000.0,480000.0,486000.0,512500.0,520000.0,500000.0,497980.0,490000.0,529900.0,540000.0,537000.0,539750.0,515000.0,566500.0,499900.0,515000.0,497000.0,572500.0,535000.0,562450.0,569000.0,617000.0,624500.0,629000.0,580500.0,569900.0,575000.0,618120.0,614000.0,571500.0,590000.0,625000.0,607750.0,677000.0,632500.0,655500.0,599000.0,624000.0,620000.0,630000.0,590000.0,590000.0,593950.0,579000.0,600000.0,639000.0,640500.0,651780.0,632500.0,658000.0,643280.0,720000.0,613250.0,649500.0,700000.0,680000.0,660000.0,650000.0,740000.0,749500.0,832500.0,860000.0,850000.0,850000.0,785000.0,860000.0,820000.0,931000.0,840000.0,887000.0,862500.0,828500.0,827500.0,826250.0,865250.0,830000.0,871000.0,875000.0,885000.0,911000.0,903500.0,900500.0,854000.0,924000.0,842500.0,822500.0,865000.0
27,Napa,2,Coastal,North,358695.0,336842.0,351562.0,343750.0,367390.0,390322.0,391666.0,394230.0,347830.0,344740.0,334620.0,350000.0,313890.0,354760.0,332610.0,306820.0,377270.0,350000.0,334780.0,354760.0,331820.0,330430.0,339470.0,344830.0,344740.0,348000.0,351470.0,363890.0,343750.0,357410.0,419230.0,385710.0,381670.0,426190.0,378200.0,360340.0,411110.0,468180.0,430950.0,453850.0,488890.0,509620.0,511900.0,565970.0,477270.0,497730.0,528410.0,476000.0,535000.0,472000.0,536750.0,531950.0,587500.0,529000.0,599000.0,525000.0,601139.0,539000.0,619500.0,497500.0,495000.0,480000.0,554750.0,635000.0,582500.0,609000.0,630000.0,590000.0,617500.0,655000.0,689400.0,595500.0,584500.0,650000.0,650000.0,629980.0,645770.0,619000.0,634380.0,625000.0,650000.0,618250.0,637500.0,605000.0,662500.0,660000.0,675000.0,685000.0,673250.0,685000.0,695000.0,654000.0,632500.0,649000.0,682000.0,688000.0,662000.0,713500.0,675000.0,682500.0,702500.0,740000.0,727000.0,752500.0,685000.0,709500.0,683500.0,725000.0,672500.0,625000.0,699000.0,705000.0,725000.0,705750.0,685000.0,699000.0,787500.0,735000.0,669000.0,765000.0,697500.0,659500.0,764000.0,750000.0,672500.0,725000.0,782500.0,867000.0,900000.0,749380.0,824500.0,842000.0,835000.0,931500.0,929000.0,950000.0,837500.0,955500.0,939000.0,900000.0,950000.0,850000.0,811600.0,1050000.0,884000.0,1034500.0,998000.0,1027000.0,1048500.0,975000.0,1107500.0,1162500.0,987000.0,975000.0
28,Nevada,4,Inland,North,256250.0,261111.0,270454.0,263333.0,272058.0,275000.0,269117.0,293749.0,271153.0,242646.0,277272.0,247499.0,236538.0,228124.0,211363.0,208333.0,252941.0,226562.0,222368.0,210000.0,225000.0,214285.0,235416.0,226249.0,205263.0,205263.0,240475.0,188000.0,223863.0,267045.0,232352.0,231481.0,233333.0,237962.0,233333.0,258823.0,257353.0,248213.0,248528.0,272222.0,265909.0,269827.0,298076.0,316667.0,298528.0,310714.0,279999.0,310526.0,268181.0,305263.0,326923.0,315217.0,277941.0,316130.0,303448.0,338890.0,306250.0,315520.0,309370.0,314290.0,339290.0,320000.0,330360.0,336760.0,340620.0,341300.0,321000.0,325000.0,339900.0,330500.0,341250.0,350000.0,339500.0,295950.0,364900.0,327500.0,354000.0,352000.0,359000.0,343000.0,348700.0,360000.0,358500.0,355000.0,366500.0,390000.0,383750.0,424000.0,389000.0,380000.0,398500.0,375000.0,410000.0,388500.0,405750.0,393500.0,382000.0,400000.0,430000.0,408738.0,404000.0,452000.0,419500.0,420000.0,445000.0,401500.0,399000.0,389950.0,402950.0,382000.0,412500.0,397000.0,420000.0,427500.0,445000.0,415500.0,399000.0,419500.0,458500.0,400000.0,367000.0,420000.0,425000.0,460000.0,410000.0,433750.0,500000.0,475000.0,478750.0,492500.0,466250.0,508000.0,525000.0,519500.0,530000.0,555000.0,563250.0,566000.0,570000.0,570950.0,549500.0,525000.0,561250.0,520000.0,550000.0,547500.0,559000.0,617000.0,560000.0,590000.0,595000.0,580000.0,562500.0,532500.0
29,Orange,1,Coastal,Southern,527477.0,533805.0,550420.0,546050.0,555800.0,566508.0,568970.0,561900.0,557390.0,519140.0,541220.0,499810.0,511590.0,496540.0,523610.0,530140.0,544700.0,534680.0,551510.0,508910.0,500000.0,484390.0,487610.0,484630.0,483510.0,485380.0,485300.0,513950.0,538340.0,567910.0,551160.0,567710.0,561830.0,558680.0,565020.0,582930.0,566500.0,607230.0,619430.0,653740.0,655630.0,661740.0,675000.0,664580.0,672680.0,660080.0,660890.0,677660.0,653850.0,677700.0,675540.0,679820.0,698260.0,696680.0,695270.0,699430.0,696190.0,692390.0,689480.0,683490.0,674340.0,680290.0,696060.0,705190.0,717850.0,716730.0,720000.0,714380.0,705000.0,700000.0,705000.0,700000.0,699900.0,705000.0,720200.0,735000.0,731750.0,754000.0,734000.0,749000.0,739000.0,750000.0,734500.0,745000.0,740000.0,745000.0,760000.0,775000.0,795000.0,795000.0,785000.0,789000.0,799000.0,786000.0,785000.0,785500.0,780000.0,805380.0,824450.0,818000.0,838000.0,835500.0,829000.0,838500.0,825000.0,810000.0,795000.0,785000.0,796500.0,792500.0,809500.0,825000.0,845000.0,842000.0,839450.0,810000.0,830000.0,820000.0,822000.0,840000.0,855000.0,880000.0,882000.0,861000.0,834550.0,870000.0,880000.0,930000.0,915000.0,930000.0,930000.0,950000.0,971000.0,995000.0,1025000.0,1100000.0,1100000.0,1138000.0,1090000.0,1100000.0,1100000.0,1120000.0,1150000.0,1182500.0,1195000.0,1260000.0,1305000.0,1325000.0,1295000.0,1265000.0,1231000.0,1200000.0,1200000.0,1165000.0
30,Placer,4,Inland,North,287287.0,287890.0,291565.0,295380.0,284090.0,285879.0,288186.0,293580.0,282594.0,286231.0,269805.0,271875.0,262778.0,268852.0,254268.0,270482.0,255488.0,267134.0,265200.0,264690.0,263020.0,255900.0,258930.0,253460.0,259560.0,251450.0,267470.0,276150.0,275000.0,287630.0,291670.0,288030.0,308590.0,300440.0,306590.0,300420.0,292710.0,312090.0,322560.0,354370.0,353110.0,370240.0,372220.0,361830.0,365290.0,364150.0,361160.0,361150.0,360980.0,370090.0,367190.0,375160.0,383070.0,382970.0,381040.0,388720.0,384850.0,380170.0,369490.0,387500.0,375980.0,375380.0,383330.0,394570.0,403420.0,402870.0,395000.0,403000.0,390000.0,397500.0,397750.0,395000.0,405000.0,417000.0,405000.0,429500.0,427000.0,430000.0,435000.0,430000.0,430240.0,436000.0,427000.0,425000.0,425000.0,435000.0,440000.0,460000.0,460000.0,472000.0,453000.0,462000.0,450000.0,455000.0,450000.0,451500.0,446000.0,472370.0,475500.0,489000.0,499650.0,510000.0,495000.0,475000.0,475000.0,470000.0,461000.0,492990.0,479000.0,495000.0,475000.0,498500.0,514900.0,525000.0,496250.0,500000.0,495000.0,505000.0,489800.0,495000.0,493000.0,509000.0,500000.0,510000.0,515000.0,515000.0,550000.0,538750.0,530000.0,548000.0,552650.0,559000.0,581000.0,599500.0,610000.0,625000.0,663450.0,670500.0,650000.0,643750.0,650000.0,649000.0,650000.0,655000.0,670000.0,675000.0,701730.0,717000.0,735000.0,720000.0,712450.0,650000.0,645000.0,645000.0
31,Plumas,5,Inland,North,,,,,,,,,,,,,,,,,,,,,,,,,,,,,,,,,,,,,,,,,,,,,270000.0,250000.0,259000.0,249000.0,246000.0,118000.0,207500.0,231500.0,189000.0,230250.0,217500.0,278570.0,259380.0,255000.0,200000.0,233330.0,275000.0,180000.0,241670.0,212500.0,205000.0,300000.0,250000.0,248000.0,267500.0,264760.0,213500.0,264500.0,342000.0,269000.0,225000.0,277000.0,225000.0,270000.0,245000.0,275000.0,278500.0,215000.0,266000.0,230000.0,300250.0,210000.0,565000.0,239000.0,285000.0,297000.0,325000.0,325000.0,275000.0,320000.0,302000.0,256000.0,265950.0,261500.0,353000.0,280250.0,310000.0,290000.0,290000.0,292250.0,265000.0,310000.0,289500.0,262950.0,308240.0,258500.0,287500.0,395000.0,350500.0,340000.0,280000.0,345000.0,380000.0,275000.0,275000.0,270500.0,330000.0,321500.0,287500.0,252500.0,269000.0,305000.0,350000.0,392000.0,412000.0,385000.0,385000.0,305000.0,315000.0,329500.0,385000.0,400000.0,423000.0,395000.0,454500.0,397500.0,397000.0,470000.0,380000.0,420000.0,460000.0,339000.0,391500.0,350000.0,504000.0,400000.0,462500.0,380000.0,475000.0,442500.0
32,Riverside,2,Inland,Southern,193687.0,198129.0,201104.0,209530.0,213060.0,214335.0,212570.0,208120.0,209660.0,205150.0,199340.0,205220.0,197550.0,203640.0,201520.0,199230.0,200000.0,202910.0,200910.0,202060.0,199890.0,195760.0,200080.0,203650.0,196050.0,200730.0,211350.0,213950.0,213240.0,219850.0,223740.0,227740.0,228900.0,230730.0,239610.0,251520.0,244780.0,245830.0,263670.0,274420.0,282560.0,298470.0,294300.0,290030.0,293560.0,296640.0,306350.0,310020.0,314070.0,302370.0,310670.0,309240.0,323890.0,321840.0,319960.0,318640.0,316500.0,321750.0,320880.0,322020.0,306060.0,323220.0,331710.0,333520.0,332490.0,337380.0,335000.0,335000.0,329000.0,330000.0,330000.0,341000.0,328000.0,330000.0,350000.0,350000.0,355000.0,360000.0,359900.0,355000.0,352250.0,355950.0,352500.0,360000.0,357500.0,367250.0,375000.0,379000.0,375000.0,385000.0,385500.0,388500.0,385700.0,382500.0,383000.0,385000.0,397250.0,396250.0,398000.0,400000.0,409920.0,405000.0,408000.0,400750.0,405950.0,400000.0,400000.0,398000.0,400000.0,410000.0,412000.0,423000.0,420000.0,420000.0,420000.0,420000.0,429450.0,420000.0,425000.0,420000.0,415460.0,428000.0,435000.0,435000.0,434480.0,450000.0,462000.0,486500.0,480000.0,485000.0,490000.0,488250.0,495500.0,519500.0,535000.0,545500.0,560000.0,575000.0,570000.0,570000.0,570000.0,580000.0,586900.0,586000.0,590000.0,605028.0,620000.0,630000.0,650000.0,645000.0,625000.0,620000.0,600000.0,599990.0
33,Sacramento,1,Inland,North,173305.0,176586.0,180388.0,182155.0,189113.0,194266.0,185217.0,184180.0,180680.0,178871.0,181383.0,177159.0,169838.0,167633.0,167457.0,168378.0,166243.0,165329.0,168090.0,166680.0,164120.0,163160.0,164700.0,161840.0,161080.0,163530.0,166760.0,168820.0,169230.0,172520.0,176500.0,184000.0,180830.0,189800.0,194700.0,195630.0,201010.0,203540.0,220590.0,221880.0,243660.0,247100.0,254550.0,257660.0,255390.0,253560.0,246900.0,250370.0,242510.0,260330.0,263810.0,267260.0,273970.0,271630.0,276190.0,272750.0,276960.0,270150.0,266260.0,269350.0,256670.0,283960.0,282080.0,283600.0,293480.0,295310.0,291000.0,290000.0,290700.0,290000.0,290000.0,296500.0,281000.0,299000.0,305000.0,309000.0,317950.0,329000.0,320000.0,323500.0,317500.0,320000.0,325000.0,314940.0,305000.0,324900.0,326750.0,326000.0,342100.0,347000.0,353000.0,348000.0,347750.0,349900.0,349900.0,350000.0,350000.0,350000.0,365000.0,369000.0,375000.0,375000.0,370000.0,369950.0,372000.0,360000.0,365000.0,364500.0,352250.0,360000.0,365000.0,385000.0,385000.0,390000.0,390000.0,386000.0,385000.0,385000.0,385000.0,385000.0,379000.0,398500.0,400000.0,400000.0,395000.0,417000.0,422740.0,425000.0,439000.0,440000.0,442500.0,442250.0,450000.0,463000.0,485000.0,490000.0,500000.0,525000.0,514000.0,515000.0,507000.0,510000.0,515000.0,515000.0,524000.0,541500.0,560000.0,570000.0,580000.0,560000.0,550000.0,535000.0,520000.0,512500.0
34,San Benito,9,Coastal,North,325000.0,279540.0,275610.0,333000.0,296500.0,315000.0,265000.0,280000.0,274000.0,250000.0,283450.0,279900.0,279000.0,285000.0,247500.0,261000.0,275000.0,249000.0,242500.0,239900.0,272500.0,268000.0,245000.0,259200.0,260000.0,255500.0,232350.0,287450.0,275000.0,261900.0,272000.0,335000.0,311000.0,280000.0,365000.0,364480.0,310500.0,330000.0,348000.0,358000.0,355000.0,382620.0,400000.0,387000.0,428950.0,397500.0,380000.0,410000.0,404000.0,399000.0,418000.0,430000.0,417500.0,420000.0,415000.0,415000.0,424000.0,435000.0,431000.0,435000.0,435000.0,450000.0,474900.0,465000.0,444990.0,479000.0,450000.0,460000.0,466000.0,487500.0,512500.0,452500.0,480000.0,464500.0,495000.0,479000.0,479000.0,511500.0,485000.0,538380.0,527500.0,506000.0,503090.0,475000.0,550000.0,517500.0,525000.0,521000.0,520000.0,535000.0,535000.0,600000.0,508500.0,545000.0,649880.0,537000.0,555000.0,545000.0,586670.0,569217.0,579900.0,570400.0,626500.0,575000.0,562000.0,597000.0,583200.0,577000.0,595000.0,600000.0,610000.0,550900.0,600000.0,585500.0,570000.0,609950.0,610410.0,604940.0,595000.0,600000.0,575020.0,595000.0,605000.0,614950.0,660500.0,586400.0,675000.0,625000.0,687000.0,634000.0,665590.0,729500.0,695000.0,700000.0,765000.0,722500.0,810000.0,794690.0,781000.0,774510.0,792500.0,768000.0,800000.0,790000.0,842500.0,860000.0,835000.0,860000.0,840000.0,854000.0,825000.0,755000.0,750000.0,761000.0
35,San Bernardino,1,Inland,Southern,134999.0,134047.0,137585.0,138220.0,137370.0,141895.0,144627.0,144210.0,141150.0,140360.0,138340.0,134760.0,138040.0,131470.0,130690.0,128900.0,127380.0,129570.0,133950.0,135030.0,130820.0,132210.0,135280.0,128450.0,129920.0,132500.0,131640.0,132030.0,134660.0,138110.0,145710.0,143470.0,150090.0,148480.0,152000.0,158540.0,154500.0,156360.0,161900.0,164470.0,170090.0,174650.0,180270.0,183240.0,185860.0,191330.0,192470.0,199020.0,190130.0,186440.0,188550.0,199420.0,214460.0,204860.0,216570.0,208550.0,212790.0,208080.0,213780.0,216020.0,206660.0,213930.0,215640.0,219150.0,220890.0,231300.0,230180.0,230530.0,229890.0,231330.0,236220.0,234080.0,234460.0,226870.0,237350.0,236850.0,245080.0,245220.0,248000.0,240500.0,251750.0,245000.0,250000.0,255000.0,245440.0,265000.0,260000.0,255500.0,272500.0,270000.0,266250.0,269950.0,279000.0,274450.0,280000.0,278000.0,277000.0,278000.0,280000.0,289900.0,285000.0,293250.0,292000.0,290000.0,300000.0,289000.0,299450.0,295000.0,290000.0,298250.0,309950.0,305000.0,315000.0,310000.0,312000.0,315000.0,315000.0,319000.0,315000.0,320000.0,325000.0,329000.0,316000.0,325000.0,320000.0,325000.0,350000.0,350000.0,359900.0,365000.0,380250.0,378500.0,390000.0,389900.0,412000.0,405000.0,410000.0,435000.0,440000.0,435000.0,437000.0,445000.0,440000.0,460000.0,450000.0,450000.0,475000.0,495000.0,490000.0,490000.0,490000.0,472750.0,480000.0,465000.0
36,San Diego,1,Coastal,Southern,366778.0,372096.0,393598.0,388480.0,391410.0,397911.0,389437.0,384700.0,388850.0,384570.0,385490.0,375790.0,370100.0,367770.0,383620.0,378230.0,382300.0,377550.0,375330.0,369390.0,364180.0,357380.0,356410.0,359930.0,350680.0,362470.0,363710.0,369910.0,379800.0,388100.0,392380.0,389540.0,404880.0,395470.0,403990.0,418290.0,390890.0,407220.0,436710.0,454390.0,469590.0,483330.0,483800.0,482470.0,490130.0,477130.0,473360.0,479690.0,479340.0,476780.0,490280.0,492080.0,498020.0,531350.0,523070.0,510860.0,519420.0,493030.0,491690.0,494500.0,496380.0,499000.0,530650.0,530810.0,538660.0,569530.0,549000.0,539000.0,525000.0,520500.0,532380.0,530000.0,530000.0,523500.0,550000.0,557000.0,565000.0,560000.0,560000.0,563000.0,569000.0,576620.0,557000.0,568000.0,550000.0,559950.0,571000.0,590000.0,605000.0,612750.0,613000.0,605000.0,605000.0,603000.0,619900.0,605000.0,590000.0,605000.0,625400.0,635000.0,640000.0,650000.0,650000.0,660000.0,640000.0,635500.0,626000.0,618500.0,610000.0,625000.0,623800.0,649000.0,650000.0,665000.0,650000.0,650000.0,636750.0,652000.0,659000.0,655000.0,660000.0,670000.0,675000.0,671000.0,655000.0,678000.0,719000.0,732560.0,735000.0,749000.0,740000.0,730000.0,730000.0,765000.0,800000.0,825120.0,851000.0,865000.0,860000.0,835000.0,850000.0,850000.0,847750.0,836700.0,875000.0,888000.0,950000.0,975000.0,970000.0,950000.0,930000.0,885000.0,899000.0,860000.0
37,San Francisco,7,Coastal,North,696428.0,692934.0,799528.0,799180.0,747023.0,848557.0,777500.0,709459.0,717672.0,736841.0,766304.0,721036.0,632936.0,645454.0,764535.0,721311.0,701922.0,742646.0,739753.0,698629.0,654850.0,739918.0,696917.0,656609.0,649999.0,665492.0,701171.0,782738.0,785714.0,813559.0,787791.0,759615.0,719339.0,877155.0,840277.0,864795.0,743643.0,832031.0,936110.0,1011029.0,1009615.0,941901.0,884943.0,954545.0,941531.0,933333.0,974999.0,951754.0,894999.0,1062500.0,974490.0,1132810.0,1120000.0,1206900.0,1094594.0,979510.0,1066860.0,1200760.0,1163790.0,1058820.0,986610.0,1154760.0,1275000.0,1348480.0,1375000.0,1308500.0,1284440.0,1225440.0,1189000.0,1295000.0,1300000.0,1204000.0,1160000.0,1410000.0,1355000.0,1400000.0,1360000.0,1350000.0,1362500.0,1257500.0,1218750.0,1407500.0,1360500.0,1315210.0,1250000.0,1276000.0,1350000.0,1402500.0,1501680.0,1469000.0,1428000.0,1380000.0,1350000.0,1594000.0,1500000.0,1475000.0,1330000.0,1730000.0,1680000.0,1650000.0,1620000.0,1620000.0,1650000.0,1550000.0,1507500.0,1600000.0,1442500.0,1500000.0,1376500.0,1505000.0,1637500.0,1632500.0,1697500.0,1762500.0,1600000.0,1602500.0,1540000.0,1650000.0,1619000.0,1450000.0,1460000.0,1610000.0,1655000.0,1699500.0,1627500.0,1805000.0,1665000.0,1663000.0,1665000.0,1625000.0,1697500.0,1581000.0,1672500.0,1786400.0,1755000.0,1800000.0,1900000.0,1950000.0,1852500.0,1850000.0,1750000.0,1822000.0,1900000.0,1690000.0,1630000.0,1900000.0,2060000.0,2057500.0,2015000.0,1900000.0,1700000.0,1635000.0,1650000.0,1692500.0
38,San Joaquin,1,Inland,North,170943.0,160588.0,167683.0,171428.0,174633.0,170549.0,169459.0,170000.0,173670.0,173134.0,163283.0,162500.0,166129.0,163210.0,155698.0,163222.0,162375.0,165000.0,161810.0,159320.0,165970.0,156710.0,154730.0,159260.0,160000.0,161040.0,158480.0,164730.0,163040.0,163870.0,168170.0,168120.0,179780.0,179570.0,177660.0,184320.0,182430.0,174680.0,191280.0,195960.0,206190.0,208130.0,225000.0,231390.0,242370.0,234160.0,233070.0,248820.0,234090.0,234930.0,245890.0,251100.0,248680.0,267020.0,259900.0,265060.0,265400.0,263270.0,249080.0,267070.0,263360.0,270750.0,272500.0,280870.0,280000.0,296030.0,290000.0,291500.0,295000.0,280000.0,292500.0,285000.0,290000.0,295000.0,295000.0,300500.0,320000.0,315000.0,308500.0,325000.0,322000.0,320000.0,319000.0,326750.0,307500.0,314730.0,320000.0,340000.0,331950.0,340000.0,350000.0,355000.0,355000.0,340000.0,360500.0,349720.0,350000.0,365000.0,370000.0,374990.0,367860.0,377150.0,370000.0,380000.0,360000.0,369200.0,365000.0,365000.0,375000.0,370000.0,355000.0,375000.0,380000.0,386750.0,380000.0,389000.0,385000.0,375500.0,380000.0,391500.0,385000.0,390000.0,395000.0,395000.0,415000.0,415000.0,410000.0,425000.0,435000.0,431440.0,441500.0,435750.0,425000.0,436300.0,457750.0,490000.0,500000.0,515000.0,506000.0,514480.0,515000.0,500000.0,495000.0,490000.0,499950.0,505500.0,550000.0,555000.0,555000.0,560000.0,510000.0,530000.0,515000.0,497890.0
39,San Luis Obispo,5,Coastal,Central,383333.0,370512.0,377680.0,403120.0,386670.0,445000.0,395348.0,369090.0,369230.0,371740.0,358750.0,377550.0,342450.0,328750.0,362700.0,390180.0,381450.0,364750.0,355620.0,352310.0,369770.0,364540.0,354170.0,366670.0,363640.0,354350.0,380140.0,360670.0,382470.0,387500.0,423530.0,386180.0,424390.0,395140.0,391560.0,414660.0,398980.0,408570.0,417590.0,431250.0,445160.0,462500.0,491790.0,477420.0,495350.0,440380.0,486510.0,484480.0,455810.0,480680.0,491350.0,465310.0,487500.0,503250.0,490540.0,475000.0,480640.0,455660.0,453950.0,488130.0,478720.0,491670.0,507440.0,522220.0,498147.0,534650.0,519000.0,507500.0,518000.0,526650.0,530810.0,549000.0,540000.0,518000.0,550000.0,535000.0,540000.0,525000.0,549000.0,535000.0,574750.0,538500.0,560000.0,559000.0,536000.0,556000.0,547500.0,572500.0,569000.0,556000.0,590000.0,599000.0,607500.0,560000.0,615000.0,590000.0,565000.0,605000.0,610000.0,597505.0,638660.0,612500.0,650000.0,630000.0,639000.0,586000.0,624000.0,640000.0,592500.0,592500.0,629500.0,650000.0,640000.0,640000.0,625000.0,640000.0,655500.0,627000.0,615000.0,615500.0,652500.0,640000.0,619000.0,600000.0,632500.0,645500.0,659000.0,666840.0,684500.0,700500.0,699500.0,711000.0,698000.0,700000.0,737500.0,799950.0,775000.0,799000.0,795000.0,770000.0,755000.0,800000.0,775060.0,821000.0,851500.0,830500.0,903000.0,890000.0,931000.0,905000.0,895500.0,868500.0,875000.0,815000.0
40,San Mateo,7,Coastal,North,633500.0,655000.0,800000.0,750000.0,740000.0,793000.0,816000.0,780000.0,685000.0,675000.0,696000.0,699500.0,575000.0,591500.0,666950.0,700000.0,800000.0,735000.0,729900.0,742000.0,640000.0,672000.0,735000.0,595000.0,578500.0,582500.0,677900.0,745000.0,775000.0,825000.0,801500.0,777500.0,779000.0,819000.0,755000.0,775000.0,695000.0,800000.0,912000.0,913500.0,950000.0,1001000.0,919000.0,988440.0,909000.0,910000.0,895000.0,1000000.0,955000.0,970000.0,1170500.0,1001000.0,1140000.0,1150000.0,1117500.0,1000000.0,1075000.0,1071000.0,1092500.0,980000.0,1012500.0,1200000.0,1300000.0,1280000.0,1330000.0,1300000.0,1300440.0,1234000.0,1200000.0,1188940.0,1195000.0,1194000.0,1077500.0,1200000.0,1205000.0,1312500.0,1392500.0,1306250.0,1350000.0,1250000.0,1290000.0,1350000.0,1216750.0,1332500.0,1150000.0,1352000.0,1350000.0,1500000.0,1480000.0,1433750.0,1500000.0,1375000.0,1400500.0,1522500.0,1486000.0,1500000.0,1437500.0,1610000.0,1615000.0,1770000.0,1600000.0,1650500.0,1610000.0,1500000.0,1600000.0,1588000.0,1500000.0,1483000.0,1450000.0,1425000.0,1610000.0,1601000.0,1766500.0,1620000.0,1562500.0,1545000.0,1470000.0,1560000.0,1595000.0,1475000.0,1422250.0,1575000.0,1750000.0,1640000.0,1650000.0,1735000.0,1719440.0,1812500.0,1772500.0,1680000.0,1650000.0,1700000.0,1605000.0,1900000.0,1985000.0,2001000.0,2075000.0,2275000.0,2110000.0,1925000.0,1975000.0,2110000.0,2222500.0,1945000.0,2000000.0,2100000.0,2280000.0,2401000.0,2231500.0,2155000.0,1965000.0,1950000.0,1860500.0,1900000.0
41,Santa Barbara,10,Coastal,Southern,466666.0,380768.0,381820.0,475000.0,513890.0,468749.0,400000.0,536290.0,513890.0,431250.0,416670.0,453850.0,362500.0,380000.0,436360.0,400000.0,428950.0,428570.0,415620.0,421430.0,356520.0,328570.0,356250.0,416670.0,355770.0,345000.0,429410.0,390380.0,517540.0,522440.0,530610.0,533330.0,415380.0,535710.0,509380.0,588230.0,510710.0,606060.0,575000.0,650000.0,656250.0,671430.0,598680.0,625000.0,641300.0,613640.0,558330.0,701920.0,698860.0,661760.0,605470.0,633330.0,736110.0,659480.0,685480.0,806030.0,778230.0,570000.0,643290.0,655000.0,690220.0,556820.0,797410.0,681030.0,820120.0,735000.0,707000.0,713500.0,745000.0,725000.0,650000.0,602500.0,748000.0,735000.0,569000.0,725000.0,689000.0,742000.0,583800.0,775000.0,732500.0,595000.0,719500.0,735000.0,710000.0,844000.0,810000.0,569000.0,725000.0,767500.0,611000.0,631000.0,707000.0,653000.0,742000.0,730000.0,567000.0,755000.0,698000.0,650000.0,680000.0,753750.0,550000.0,572500.0,677500.0,659000.0,550000.0,840000.0,725000.0,645000.0,555000.0,760500.0,696000.0,717000.0,695000.0,720000.0,731500.0,632500.0,661500.0,770000.0,675000.0,772750.0,645000.0,600000.0,637500.0,671750.0,900000.0,1020000.0,1000000.0,1037500.0,955000.0,970000.0,920000.0,1174080.0,1075000.0,1100000.0,1299000.0,935000.0,838000.0,1111960.0,1000000.0,837000.0,1003000.0,937500.0,912500.0,1050000.0,1300000.0,1200000.0,900000.0,1250000.0,902500.0,1112500.0,905000.0,1115000.0
42,Santa Clara,3,Coastal,North,525000.0,550000.0,590000.0,628000.0,630000.0,633000.0,630000.0,625000.0,608000.0,618500.0,575000.0,548000.0,524000.0,520000.0,550250.0,578000.0,599950.0,623000.0,607000.0,595000.0,569100.0,549000.0,560000.0,535000.0,495000.0,530000.0,575250.0,636000.0,643500.0,695000.0,690000.0,666750.0,650000.0,688000.0,679000.0,681000.0,652500.0,710000.0,730000.0,790000.0,824960.0,809000.0,840000.0,808100.0,779480.0,770000.0,785000.0,769900.0,731000.0,805000.0,865000.0,900500.0,878080.0,902500.0,860750.0,865000.0,850000.0,870000.0,850000.0,846500.0,815000.0,915130.0,932100.0,960000.0,993000.0,990000.0,965000.0,973000.0,955000.0,951000.0,965000.0,920000.0,895000.0,942500.0,1065000.0,1085000.0,1100000.0,1050000.0,1045000.0,975000.0,1000000.0,1047500.0,1010000.0,965000.0,927500.0,1100000.0,1130000.0,1160000.0,1200000.0,1182500.0,1165000.0,1150000.0,1180000.0,1242500.0,1282500.0,1300000.0,1170000.0,1383500.0,1454500.0,1425000.0,1400000.0,1400000.0,1351000.0,1295000.0,1250000.0,1290000.0,1250000.0,1150000.0,1185000.0,1170000.0,1300000.0,1315000.0,1335000.0,1350000.0,1298000.0,1190000.0,1225000.0,1234750.0,1259000.0,1225000.0,1200000.0,1350000.0,1400000.0,1388890.0,1365000.0,1382000.0,1380000.0,1400000.0,1402500.0,1442500.0,1383000.0,1375000.0,1375000.0,1486250.0,1600000.0,1650000.0,1675000.0,1750000.0,1670000.0,1655000.0,1630000.0,1625000.0,1692500.0,1740000.0,1716000.0,1820000.0,1950000.0,1970000.0,1927500.0,1820000.0,1740000.0,1650000.0,1700000.0,1625000.0
43,Santa Cruz,4,Coastal,Central,495000.0,500000.0,525000.0,557650.0,525000.0,507500.0,510000.0,514000.0,527500.0,502500.0,535000.0,512500.0,425000.0,452000.0,465000.0,460000.0,436250.0,537500.0,470000.0,490000.0,500000.0,467500.0,415000.0,475000.0,422500.0,499950.0,482160.0,475000.0,500000.0,495000.0,575000.0,540000.0,560000.0,499500.0,512500.0,530000.0,482000.0,435230.0,585000.0,645000.0,623750.0,586000.0,601000.0,629000.0,639500.0,650000.0,666000.0,608000.0,609900.0,600000.0,635000.0,626500.0,681500.0,699500.0,725000.0,657600.0,670000.0,715000.0,689500.0,698500.0,665000.0,675000.0,747250.0,757500.0,684500.0,726000.0,750000.0,715000.0,755000.0,743750.0,703750.0,703940.0,694500.0,794500.0,790000.0,775500.0,800000.0,800000.0,756500.0,824000.0,774500.0,799900.0,795000.0,805000.0,800000.0,799000.0,814500.0,815000.0,875000.0,860000.0,815000.0,825000.0,845000.0,867000.0,870000.0,831000.0,790000.0,800000.0,910000.0,899000.0,865000.0,925000.0,898000.0,917500.0,910500.0,885000.0,862500.0,926000.0,825000.0,927000.0,918000.0,977750.0,935000.0,897000.0,899500.0,875000.0,795000.0,865000.0,875000.0,889000.0,869500.0,897500.0,925000.0,949500.0,850000.0,905000.0,985000.0,1050000.0,1062500.0,1060000.0,1050000.0,1070000.0,1110000.0,1058000.0,1100000.0,1265000.0,1300000.0,1175000.0,1185000.0,1255000.0,1190000.0,1136000.0,1260000.0,1200450.0,1257500.0,1380000.0,1600000.0,1410000.0,1312500.0,1325500.0,1250000.0,1300000.0,1217500.0,1362000.0
44,Shasta,5,Inland,North,180909.0,181000.0,175499.0,171330.0,189540.0,190333.0,164500.0,171180.0,175420.0,172860.0,170910.0,176870.0,152140.0,162110.0,154810.0,153330.0,151110.0,156840.0,154700.0,162920.0,167920.0,146500.0,154000.0,148570.0,151670.0,141900.0,148420.0,164540.0,161480.0,177500.0,161430.0,165480.0,166670.0,176670.0,168420.0,170740.0,173890.0,180530.0,179050.0,182920.0,203050.0,193330.0,200000.0,202080.0,189050.0,208540.0,207560.0,184710.0,194610.0,186000.0,213410.0,202270.0,214020.0,226790.0,216460.0,212190.0,222550.0,220920.0,210610.0,208160.0,216130.0,225860.0,223750.0,230930.0,231030.0,235170.0,233000.0,230000.0,238450.0,234500.0,236250.0,234570.0,226250.0,212250.0,222250.0,223950.0,229000.0,243000.0,229450.0,248000.0,239000.0,249000.0,250000.0,235750.0,233380.0,235000.0,239000.0,243250.0,255000.0,269900.0,255000.0,252450.0,244900.0,255000.0,250000.0,258250.0,249000.0,255000.0,242500.0,258950.0,264000.0,281500.0,280000.0,286000.0,255000.0,261000.0,283000.0,267500.0,271720.0,285000.0,285000.0,275000.0,285000.0,289900.0,286000.0,294900.0,280000.0,303000.0,285000.0,275000.0,282500.0,291500.0,310000.0,288500.0,297000.0,295000.0,300000.0,315000.0,331500.0,344900.0,327250.0,307500.0,329000.0,329950.0,345000.0,350000.0,360000.0,365000.0,370000.0,389900.0,365000.0,359500.0,375000.0,371000.0,375000.0,375000.0,390000.0,389000.0,406000.0,395000.0,389000.0,370000.0,375000.0,382250.0
45,Sierra,1,Inland,North,,,,,,,,,,,,,,,,,,,,,,,,,,,,,,,,,,,,,,,,,,,,,,,,,,,,,,,,,,,,,,,,,,,,,,,,,,,,,,,,,,,,,,,,,,,,,,,,,,,,,,,,,,,,,,,,,,,,,,,,,,,,,,,,,,,,,,,,,,,,,,,,,,,,,,,,,,
46,Siskiyou,3,Inland,North,132499.0,165000.0,150000.0,180000.0,165000.0,170000.0,154999.0,130000.0,145000.0,142500.0,190000.0,163330.0,145000.0,140000.0,107500.0,120000.0,100000.0,140000.0,143330.0,116670.0,113330.0,150000.0,123330.0,131250.0,123330.0,123330.0,110000.0,103330.0,152500.0,120000.0,132500.0,127270.0,140000.0,180000.0,137500.0,133330.0,106670.0,110000.0,123330.0,118000.0,115000.0,163330.0,140000.0,140000.0,155000.0,156670.0,166670.0,160000.0,156670.0,130000.0,173330.0,150000.0,170000.0,163750.0,160000.0,127500.0,155000.0,161670.0,172500.0,135000.0,195000.0,148330.0,176670.0,153330.0,145000.0,152860.0,169500.0,145000.0,175000.0,187000.0,160000.0,141750.0,195000.0,168000.0,151000.0,166000.0,175000.0,215000.0,214000.0,204500.0,192000.0,182500.0,183000.0,255000.0,239000.0,240000.0,184000.0,200000.0,211500.0,235000.0,215000.0,212000.0,187500.0,217500.0,189500.0,192500.0,193000.0,200000.0,226350.0,217250.0,210000.0,187500.0,223000.0,216000.0,205000.0,181500.0,226000.0,182500.0,151000.0,224500.0,205000.0,208500.0,235000.0,270250.0,210000.0,210000.0,240000.0,235000.0,242500.0,225000.0,255000.0,219000.0,244000.0,260250.0,230000.0,213500.0,253000.0,260000.0,267950.0,286000.0,263000.0,228000.0,257000.0,322500.0,259500.0,302500.0,289000.0,300000.0,350000.0,327500.0,315000.0,329500.0,299000.0,273000.0,296000.0,340000.0,308000.0,322250.0,368000.0,390500.0,339000.0,360000.0,352450.0,326750.0
47,Solano,5,Coastal,North,215983.0,204297.0,211538.0,211670.0,224120.0,212832.0,212963.0,207090.0,199700.0,218180.0,213260.0,204290.0,192170.0,191780.0,193480.0,189120.0,191850.0,189790.0,190560.0,197880.0,188790.0,191050.0,190770.0,190200.0,184440.0,179020.0,194310.0,191220.0,192980.0,208020.0,196110.0,202240.0,196980.0,220560.0,225400.0,230830.0,243520.0,234520.0,250000.0,255170.0,265090.0,278920.0,279330.0,295890.0,286220.0,294920.0,280360.0,293520.0,296120.0,288300.0,312350.0,315150.0,310000.0,310000.0,335000.0,320000.0,320000.0,320000.0,322200.0,320000.0,315000.0,330000.0,350000.0,339000.0,355000.0,353000.0,350000.0,360000.0,350000.0,342500.0,355000.0,349450.0,354000.0,361500.0,370000.0,380000.0,385500.0,390000.0,381000.0,410000.0,389500.0,392500.0,380000.0,405000.0,387400.0,382500.0,400000.0,400000.0,415000.0,420000.0,420000.0,410000.0,422500.0,415000.0,410000.0,416000.0,425000.0,430000.0,445000.0,447500.0,451000.0,450000.0,454000.0,455000.0,451500.0,430000.0,450000.0,425000.0,428000.0,425000.0,438500.0,435000.0,446000.0,448000.0,465000.0,459700.0,455000.0,470000.0,462980.0,455500.0,449900.0,470000.0,457950.0,482500.0,482000.0,496750.0,499750.0,515000.0,499950.0,508000.0,505250.0,510000.0,510000.0,509750.0,549000.0,555000.0,579000.0,575000.0,590000.0,590000.0,570000.0,580000.0,593000.0,580000.0,579000.0,605000.0,604000.0,640000.0,615530.0,625000.0,598000.0,610000.0,587000.0,565000.0
48,Sonoma,3,Coastal,North,365822.0,356707.0,359047.0,365140.0,368310.0,366386.0,370429.0,378830.0,369660.0,351250.0,349380.0,344680.0,338090.0,315340.0,325910.0,332650.0,353750.0,327430.0,333490.0,339200.0,355670.0,322600.0,321290.0,325260.0,326920.0,324710.0,317650.0,343750.0,342520.0,359570.0,352780.0,385610.0,368590.0,374640.0,380800.0,396310.0,367780.0,384900.0,398090.0,442100.0,436520.0,450000.0,473640.0,453790.0,455850.0,469900.0,463820.0,464190.0,460000.0,445000.0,480000.0,460000.0,490000.0,495000.0,500000.0,475000.0,496000.0,490000.0,475000.0,515000.0,474500.0,488250.0,500500.0,535000.0,540000.0,545000.0,543500.0,549000.0,541500.0,529750.0,527000.0,549000.0,550000.0,540000.0,560000.0,569000.0,580000.0,608000.0,572500.0,585000.0,590000.0,595000.0,578000.0,585000.0,579500.0,598640.0,635000.0,608000.0,625000.0,627250.0,645000.0,625500.0,620000.0,645000.0,655000.0,670000.0,670000.0,689000.0,685000.0,685000.0,698500.0,705000.0,650000.0,670000.0,654500.0,650000.0,612500.0,639000.0,650000.0,625420.0,633750.0,645000.0,666000.0,662500.0,655000.0,712000.0,655750.0,660000.0,650000.0,647500.0,667000.0,640000.0,694000.0,657880.0,675000.0,708800.0,714950.0,715000.0,715000.0,720000.0,715000.0,720000.0,715000.0,740000.0,765000.0,777500.0,780000.0,825000.0,761700.0,770000.0,754000.0,750000.0,775000.0,794000.0,789000.0,819000.0,833750.0,871500.0,869000.0,850000.0,817500.0,840000.0,810000.0,797570.0
49,Stanislaus,5,Inland,North,140175.0,145303.0,145384.0,141892.0,150309.0,145806.0,148148.0,143098.0,140972.0,144321.0,141923.0,140361.0,132962.0,131428.0,135483.0,134090.0,136785.0,137634.0,130220.0,140540.0,133910.0,133290.0,136580.0,135630.0,134580.0,129863.0,134650.0,138650.0,137860.0,139520.0,143100.0,147850.0,151500.0,151360.0,155760.0,161610.0,155450.0,152500.0,168870.0,174390.0,181160.0,187170.0,193920.0,203120.0,194890.0,209110.0,198400.0,220640.0,205900.0,215380.0,214760.0,212500.0,223870.0,233050.0,230040.0,232240.0,230000.0,228630.0,230950.0,228160.0,230790.0,237680.0,242170.0,243800.0,245570.0,249670.0,250000.0,248000.0,252000.0,259000.0,249500.0,249950.0,245000.0,250000.0,262000.0,265000.0,265000.0,276000.0,270000.0,272750.0,270000.0,280000.0,271500.0,275000.0,279750.0,270500.0,271450.0,283000.0,290000.0,289000.0,297000.0,294290.0,295000.0,295000.0,298750.0,300000.0,295000.0,300000.0,308000.0,306000.0,325000.0,320000.0,325000.0,319900.0,315000.0,319000.0,310000.0,309000.0,305000.0,310000.0,320000.0,319500.0,335000.0,325500.0,335000.0,335000.0,332750.0,343000.0,326500.0,335000.0,330000.0,339000.0,340000.0,350000.0,350000.0,355000.0,360000.0,370000.0,375000.0,377000.0,389000.0,380000.0,385000.0,405000.0,407500.0,419000.0,440000.0,430000.0,430000.0,435000.0,440000.0,440000.0,435000.0,440000.0,450000.0,452400.0,470500.0,485000.0,475000.0,480000.0,469000.0,460000.0,445000.0,430000.0
50,Sutter,1,Inland,North,170999.0,162143.0,152222.0,162000.0,177999.0,171333.0,172499.0,175454.0,161429.0,154999.0,155999.0,159166.0,175714.0,137777.0,135262.0,157999.0,146363.0,154545.0,142000.0,148000.0,149000.0,146470.0,148235.0,144444.0,137856.0,134666.0,146315.0,148333.0,143182.0,152857.0,154999.0,147647.0,161538.0,156363.0,145555.0,154999.0,168333.0,168750.0,177999.0,167692.0,186000.0,190833.0,200000.0,200000.0,209524.0,199090.0,207143.0,196666.0,190000.0,188000.0,207690.0,218750.0,214580.0,207690.0,225000.0,230000.0,206820.0,213240.0,218180.0,200000.0,227080.0,213330.0,250000.0,211110.0,218060.0,236000.0,224440.0,240000.0,231000.0,250000.0,260000.0,222000.0,213700.0,230000.0,232000.0,232000.0,235000.0,251000.0,275000.0,267410.0,247500.0,250500.0,259000.0,253500.0,252000.0,269120.0,258000.0,249500.0,283000.0,277000.0,280300.0,289000.0,275000.0,285000.0,270000.0,270000.0,284200.0,283500.0,281000.0,280000.0,281000.0,315000.0,294500.0,310000.0,290000.0,290000.0,296000.0,320000.0,277500.0,292500.0,310000.0,305000.0,319900.0,313000.0,315000.0,309000.0,327500.0,319900.0,325000.0,308250.0,327250.0,318500.0,318050.0,300000.0,342550.0,341000.0,350000.0,335000.0,351000.0,346050.0,370000.0,369900.0,350000.0,395000.0,364250.0,410000.0,410000.0,395000.0,405000.0,400000.0,410000.0,422550.0,425000.0,411000.0,415000.0,420000.0,460000.0,444000.0,450000.0,450000.0,437100.0,459000.0,437850.0,412500.0
51,Tehama,1,Inland,North,140000.0,162500.0,132857.0,146670.0,127500.0,140000.0,100000.0,127500.0,150000.0,130000.0,136670.0,136670.0,140000.0,83330.0,125000.0,110000.0,117500.0,87500.0,131430.0,123330.0,131250.0,112500.0,105000.0,132000.0,110000.0,85000.0,108000.0,160000.0,124000.0,140000.0,95000.0,89170.0,127500.0,116670.0,125710.0,130000.0,88330.0,131670.0,156670.0,156000.0,200000.0,140000.0,185000.0,146670.0,150000.0,142500.0,180000.0,137500.0,158000.0,237500.0,180000.0,250000.0,178000.0,182500.0,165000.0,156670.0,170000.0,160000.0,175000.0,205000.0,164290.0,150000.0,163330.0,167500.0,186000.0,200000.0,202500.0,156000.0,192500.0,195250.0,150000.0,185000.0,190000.0,170750.0,189500.0,184000.0,170000.0,235000.0,184000.0,202000.0,219000.0,163000.0,235000.0,204250.0,210000.0,225000.0,201000.0,207000.0,203000.0,187500.0,206750.0,225000.0,191750.0,210000.0,224500.0,190000.0,227500.0,189000.0,222500.0,210000.0,197500.0,234900.0,223000.0,208500.0,228000.0,233250.0,199000.0,255000.0,275000.0,224500.0,315000.0,232500.0,243000.0,260000.0,255000.0,281250.0,225500.0,262000.0,259250.0,237500.0,260000.0,265000.0,280000.0,217500.0,290000.0,240000.0,264000.0,290000.0,285000.0,283500.0,371000.0,273250.0,250000.0,299000.0,299000.0,362000.0,348000.0,318500.0,402500.0,349000.0,315000.0,343000.0,325000.0,322450.0,359000.0,311250.0,401875.0,350000.0,377500.0,341000.0,325000.0,301000.0,302000.0,272500.0
52,Trinity,2,Coastal,North,,,,,,,,,,,,,,,,,,,,,,,,,,,,,,,,,,,,,,,,,,,,,,,,,,,,,,,,,,,,,,,,,,,,,,,,,,,,,,,,,,,,,,,,,,,,,,,,,,,,,,,,,,,,,,,,,,,,,,,,,,,,,,,,,,,,,,,,,,,,,,,,,,,,,,,,,,
53,Tulare,1,Inland,Central,134137.0,134999.0,145143.0,132630.0,141820.0,140889.0,130789.0,138420.0,131790.0,123750.0,121600.0,131510.0,113330.0,120340.0,121950.0,111600.0,117960.0,121520.0,114230.0,124680.0,122940.0,123080.0,126670.0,127660.0,116670.0,119330.0,122630.0,131360.0,127020.0,129070.0,120000.0,133560.0,137060.0,143610.0,139260.0,144440.0,137240.0,133870.0,137560.0,139520.0,157500.0,158710.0,157140.0,158460.0,163500.0,161330.0,161300.0,160910.0,162860.0,163330.0,165380.0,172500.0,177140.0,176520.0,174670.0,184440.0,175000.0,179060.0,187000.0,178620.0,173330.0,172140.0,182630.0,188460.0,188790.0,194170.0,185800.0,191250.0,189540.0,191450.0,174900.0,195500.0,195000.0,190000.0,198000.0,207250.0,205000.0,210000.0,215000.0,204900.0,209900.0,205000.0,217500.0,204950.0,202500.0,216500.0,210000.0,214900.0,225000.0,225450.0,219950.0,224900.0,229950.0,225000.0,215000.0,219500.0,215730.0,225000.0,232500.0,229250.0,234950.0,234500.0,239000.0,239000.0,240000.0,232000.0,237400.0,236450.0,217750.0,243500.0,230000.0,244950.0,248000.0,247500.0,245000.0,250000.0,250000.0,255000.0,240000.0,252000.0,240000.0,252000.0,254480.0,252750.0,255250.0,270000.0,268000.0,280220.0,275000.0,283000.0,280000.0,295000.0,306920.0,288500.0,306650.0,309600.0,324350.0,335000.0,330000.0,317500.0,320000.0,325000.0,335000.0,320000.0,333000.0,338000.0,360975.0,370000.0,370000.0,378000.0,370000.0,350000.0,335000.0,369000.0
54,Tuolumne,3,Inland,North,220833.0,200000.0,202273.0,215000.0,218750.0,204167.0,210416.0,202778.0,208333.0,234999.0,202083.0,177777.0,153749.0,192499.0,151428.0,171111.0,181429.0,166000.0,177500.0,161110.0,152000.0,175000.0,157500.0,156670.0,147140.0,165000.0,165000.0,160000.0,160000.0,157780.0,186670.0,204690.0,155710.0,168000.0,194000.0,194280.0,175000.0,160000.0,158000.0,215380.0,184290.0,180000.0,212500.0,215280.0,207690.0,200000.0,212500.0,209090.0,215380.0,222730.0,220830.0,237500.0,244440.0,237500.0,238160.0,214710.0,215910.0,219640.0,220000.0,211670.0,236360.0,195000.0,232140.0,230000.0,241670.0,248610.0,274000.0,244800.0,249000.0,250000.0,238750.0,229000.0,210000.0,256500.0,244900.0,253750.0,242500.0,245000.0,245000.0,266450.0,242500.0,221000.0,260000.0,253380.0,279450.0,287500.0,270500.0,270000.0,299000.0,287000.0,292500.0,292000.0,282000.0,266000.0,325000.0,269900.0,265000.0,274000.0,292500.0,305000.0,300000.0,318500.0,315000.0,331360.0,291400.0,304000.0,288500.0,258950.0,299500.0,299000.0,315000.0,316000.0,310000.0,297000.0,300000.0,302500.0,307000.0,300000.0,275500.0,292000.0,309000.0,297500.0,300000.0,299000.0,319000.0,305000.0,325000.0,318000.0,325000.0,349500.0,337500.0,330000.0,350500.0,375000.0,343600.0,367000.0,390700.0,413820.0,395000.0,389000.0,382500.0,385000.0,399000.0,369500.0,386750.0,433500.0,450000.0,437500.0,449000.0,430000.0,435000.0,407500.0,399500.0,368260.0
55,Ventura,2,Coastal,Southern,420689.0,451724.0,444886.0,442610.0,440370.0,450934.0,444230.0,434480.0,453290.0,426980.0,453610.0,441570.0,411760.0,389650.0,443920.0,448440.0,425000.0,443290.0,421880.0,424400.0,415220.0,399160.0,410530.0,391060.0,386870.0,392350.0,417020.0,427320.0,424630.0,429520.0,425480.0,437880.0,432790.0,416350.0,453760.0,446150.0,440670.0,461960.0,475000.0,502940.0,496870.0,562800.0,545720.0,555560.0,550000.0,538740.0,543330.0,535180.0,533730.0,558490.0,559320.0,575390.0,568360.0,571250.0,585830.0,602060.0,589080.0,583810.0,549440.0,569600.0,582630.0,568840.0,596890.0,598500.0,620460.0,634190.0,622580.0,620150.0,599710.0,604610.0,623400.0,601910.0,638590.0,610820.0,620020.0,630100.0,617740.0,662500.0,615000.0,609000.0,583800.0,599000.0,625000.0,589150.0,587250.0,582500.0,627000.0,635000.0,636500.0,637500.0,648500.0,640000.0,609000.0,635000.0,640000.0,645000.0,660720.0,609000.0,638500.0,665000.0,670000.0,675000.0,662360.0,660000.0,673750.0,650000.0,643740.0,640000.0,615000.0,620000.0,640000.0,650000.0,659500.0,647000.0,685000.0,661900.0,659250.0,660000.0,660000.0,657000.0,660000.0,649500.0,705000.0,675000.0,681250.0,700000.0,720000.0,741500.0,787500.0,750000.0,760000.0,740000.0,776000.0,750000.0,770750.0,865000.0,806000.0,840000.0,825000.0,853000.0,815000.0,830000.0,858500.0,850000.0,850000.0,887500.0,914000.0,955000.0,915000.0,930000.0,920000.0,884000.0,850000.0,855000.0
56,Yolo,4,Inland,North,263461.0,234999.0,260714.0,242307.0,271000.0,286249.0,239705.0,252778.0,226190.0,229999.0,241304.0,233928.0,223809.0,231999.0,221153.0,241071.0,236666.0,236538.0,235580.0,233040.0,235420.0,202080.0,206900.0,228260.0,195550.0,197500.0,213040.0,238890.0,228850.0,246870.0,255560.0,264580.0,238890.0,245000.0,232350.0,273860.0,260940.0,250000.0,250000.0,291340.0,299140.0,312500.0,346250.0,320310.0,331030.0,311290.0,283330.0,308060.0,289060.0,333330.0,326560.0,331250.0,361630.0,377420.0,340540.0,396550.0,344230.0,344740.0,343180.0,344590.0,307500.0,372860.0,334720.0,376190.0,393180.0,393590.0,382500.0,387000.0,409000.0,370000.0,400000.0,354750.0,345000.0,379500.0,362500.0,419000.0,398000.0,399900.0,389000.0,410480.0,407000.0,381250.0,375000.0,405000.0,380000.0,372000.0,393000.0,386750.0,453450.0,445000.0,426750.0,445000.0,432000.0,445500.0,440000.0,420000.0,383000.0,397500.0,422500.0,495000.0,476500.0,450000.0,430000.0,450000.0,470000.0,443750.0,429500.0,429000.0,432500.0,424920.0,450000.0,419330.0,469500.0,463500.0,485000.0,465000.0,453500.0,479950.0,446710.0,441000.0,431240.0,447500.0,463500.0,460820.0,443000.0,475000.0,505000.0,525500.0,530000.0,517250.0,511000.0,515000.0,485000.0,520000.0,530000.0,566000.0,617500.0,616000.0,587990.0,595000.0,612500.0,582500.0,585000.0,609240.0,542500.0,666415.0,657000.0,633000.0,660000.0,667500.0,600000.0,639000.0,635000.0,595000.0
57,Yuba,1,Inland,North,145000.0,148571.0,145000.0,163529.0,153999.0,132222.0,158749.0,131999.0,150000.0,121429.0,125000.0,138571.0,128571.0,122500.0,150833.0,137777.0,131111.0,142727.0,141538.0,124000.0,125000.0,107500.0,134545.0,125714.0,115999.0,122000.0,130714.0,128888.0,122857.0,140000.0,135555.0,141818.0,116249.0,144444.0,149000.0,153749.0,148571.0,151428.0,154999.0,172727.0,176666.0,188750.0,167777.0,186666.0,171428.0,195714.0,207353.0,200000.0,206940.0,200000.0,202940.0,191670.0,194000.0,206250.0,183333.0,208750.0,219440.0,210940.0,190000.0,207140.0,204170.0,215220.0,198890.0,206670.0,219440.0,226320.0,229500.0,222000.0,230000.0,228500.0,202000.0,233000.0,210000.0,225000.0,235450.0,240000.0,225000.0,250000.0,254500.0,249900.0,245000.0,236000.0,265000.0,247450.0,250000.0,256500.0,254900.0,267500.0,255570.0,275470.0,266890.0,265000.0,274900.0,271950.0,285000.0,241000.0,265360.0,269000.0,277900.0,285000.0,297500.0,292500.0,289000.0,269000.0,257500.0,282000.0,263000.0,298000.0,299000.0,256000.0,290000.0,268000.0,311000.0,295000.0,299900.0,298000.0,305000.0,298000.0,319500.0,299850.0,315000.0,315000.0,309440.0,328900.0,320000.0,328950.0,343750.0,332400.0,342000.0,350000.0,352500.0,360000.0,395000.0,370000.0,359500.0,384700.0,400000.0,430100.0,420000.0,410000.0,409900.0,413000.0,415000.0,410000.0,402500.0,450000.0,432500.0,430000.0,449500.0,450000.0,440000.0,422500.0,435000.0,405000.0
