RegionName,3/31/2015,4/30/2015,5/31/2015,6/30/2015,7/31/2015,8/31/2015,9/30/2015,10/31/2015,11/30/2015,12/31/2015,1/31/2016,2/29/2016,3/31/2016,4/30/2016,5/31/2016,6/30/2016,7/31/2016,8/31/2016,9/30/2016,10/31/2016,11/30/2016,12/31/2016,1/31/2017,2/28/2017,3/31/2017,4/30/2017,5/31/2017,6/30/2017,7/31/2017,8/31/2017,9/30/2017,10/31/2017,11/30/2017,12/31/2017,1/31/2018,2/28/2018,3/31/2018,4/30/2018,5/31/2018,6/30/2018,7/31/2018,8/31/2018,9/30/2018,10/31/2018,11/30/2018,12/31/2018,1/31/2019,2/28/2019,3/31/2019,4/30/2019,5/31/2019,6/30/2019,7/31/2019,8/31/2019,9/30/2019,10/31/2019,11/30/2019,12/31/2019,1/31/2020,2/29/2020,3/31/2020,4/30/2020,5/31/2020,6/30/2020,7/31/2020,8/31/2020,9/30/2020,10/31/2020,11/30/2020,12/31/2020,1/31/2021,2/28/2021,3/31/2021,4/30/2021,5/31/2021,6/30/2021,7/31/2021,8/31/2021,9/30/2021,10/31/2021,11/30/2021,12/31/2021,1/31/2022,2/28/2022,3/31/2022,4/30/2022,5/31/2022,6/30/2022,7/31/2022,8/31/2022,9/30/2022,10/31/2022
Los Angeles County,1926.991658,1938.786435,1946.578305,1956.065493,1967.670532,1981.210212,1993.703092,2003.165124,2018.872077,2030.592885,2046.19884,2058.896659,2074.784287,2083.7553,2089.804972,2097.94158,2105.899129,2115.774421,2121.973673,2129.903848,2138.165941,2150.22499,2165.091059,2178.386276,2190.893754,2204.615929,2215.745275,2223.968669,2231.763146,2239.32881,2247.641482,2253.135788,2264.750882,2274.850979,2285.718526,2292.38444,2300.875099,2310.474615,2318.359918,2329.774131,2336.731814,2348.790859,2355.628592,2364.54638,2375.760677,2388.116558,2400.483504,2405.719632,2410.381524,2417.657871,2422.883597,2432.620217,2436.229587,2444.76158,2449.152037,2456.000167,2464.050775,2474.55025,2483.790873,2488.817158,2486.809942,2473.182541,,2435.023068,2427.424061,2422.484311,2417.85318,2418.618814,2429.95794,2435.314054,2435.063537,2432.550953,2438.962025,2455.843141,2477.945833,2506.503871,2538.337255,2582.075781,2619.710844,2654.0442,2676.709096,2705.127333,2729.390246,2755.51364,2779.814053,2812.161093,2842.625892,2861.876621,2873.41682,2883.985603,2897.074676,2903.093932
San Diego County,1856.685365,1867.381695,1869.745495,1873.392157,1879.740423,1890.184201,1903.705846,1912.147995,1923.2279,1932.153032,1941.917116,1948.490387,1960.56753,1971.618979,1983.987759,1991.097194,1994.000792,1997.235302,2004.439556,2016.930404,2024.253581,2027.164396,2031.523995,2044.730837,2058.467239,2073.718558,2085.049742,2095.581455,2105.974516,2113.062165,2120.261623,2128.137393,2130.076497,2137.686259,2145.538435,2158.473904,2169.066975,2178.154211,2188.61277,2198.091807,2207.73861,2218.179503,2229.321578,2236.834856,2243.879368,2247.124265,2251.026683,2251.217573,2255.106475,2262.995324,2270.368693,2276.513842,2283.602151,2292.735204,2302.747339,2314.350434,2321.154722,2328.048693,2331.364774,2336.997629,2338.300892,2323.093159,2305.604388,2297.101147,2305.708518,2316.099635,2329.341761,2347.270712,2370.469909,2391.541968,2401.295018,2406.399854,2417.678099,2448.82748,2489.734215,2530.370755,2577.109976,2635.257744,2696.886005,2745.4991,2784.332791,2814.892902,2828.215924,2852.863786,2886.838216,2944.770447,2986.26782,3025.931781,3058.815591,3091.57601,3103.283044,3105.048761
Orange County,2052.889792,2060.48352,2067.330181,2066.518918,2072.299061,2078.178906,2089.502867,2097.021556,2112.96566,2121.372982,2134.875433,2141.072509,2148.707551,2151.305807,2157.044931,2163.411984,2172.984745,2170.783778,2181.002769,2186.692639,2204.965395,2203.391959,2210.709347,2218.053184,2234.329264,2245.171634,2249.796596,2251.805738,2256.538123,2258.745098,2266.41093,2272.534368,2284.795464,2289.485097,2297.82446,2303.155593,2311.344731,2314.966506,2315.212155,2315.170174,2315.162447,2316.832472,2323.059608,2334.805858,2351.873745,2361.853947,2366.276197,2366.152644,2369.058991,2374.077877,2378.684864,2384.309571,2389.214742,2394.138287,2403.379747,2411.606305,2424.186986,2431.306351,2442.049074,2449.221109,2453.170039,2431.490642,2403.510733,2377.794441,2376.952427,2384.175158,2401.001504,2420.316837,2439.23123,2453.150205,2469.746791,2484.997623,2510.396312,2534.103229,2566.328576,2608.052692,2677.346686,2772.616246,2858.380609,2916.197567,2950.016592,2970.655412,2992.109527,3012.521461,3045.851889,3073.644785,3099.087148,3116.758818,3135.532385,3145.326093,3142.566938,3133.555281
Riverside County,1466.764157,1478.829383,1484.176391,1484.616665,1488.07003,1494.84012,1508.634337,1514.023309,1524.281208,1526.519707,1531.469576,1535.012216,1541.983922,1547.182113,1551.887124,1557.744367,1565.348587,1568.66772,1578.698517,1582.586239,1592.324627,1591.524249,1605.027133,1610.771541,1626.416978,1640.756768,1656.092291,1661.923767,1663.66356,1671.236876,1683.299316,1691.895778,1698.435345,1698.859571,1705.955871,1713.894021,1725.508303,1733.786488,1736.185488,1742.543203,1748.571913,1760.267302,1772.143736,1785.700434,1793.715673,1802.878724,1802.83059,1807.396164,1812.365426,1823.697128,1831.551401,1834.500003,1839.000252,1848.363904,1858.606995,1866.195403,1870.174694,1878.960196,1883.198037,1892.619627,1895.465499,1892.682097,1884.832871,1886.381536,1902.589067,1933.877402,1963.033593,1995.289339,2025.691588,2050.295838,2062.87879,2083.547565,2111.184931,2158.498895,2193.331214,2237.882156,2282.294547,2341.496039,2389.570565,2420.596337,2447.034712,2453.565477,2481.639629,2491.110014,2533.559052,2560.15893,2587.892966,2599.390237,2611.373135,2618.506622,2620.565363,2610.557825
San Bernardino County,1474.114843,1483.571327,1488.001663,1494.213734,1491.235435,1498.391606,1507.474262,1514.627143,1519.301225,1523.504424,1532.554717,1539.527501,1549.658006,1557.842798,1564.737155,1569.236046,1573.610351,1579.661178,1584.179895,1590.358373,1588.736477,1592.946393,1601.166843,1616.7092,1627.408,1636.076887,1646.532431,1656.150003,1666.248553,1670.283053,1674.662588,1680.393052,1688.672469,1692.829705,1698.158873,1709.044118,1722.460801,1732.890283,1738.332646,1748.454265,1760.842961,1771.223525,1780.489474,1783.585985,1786.472647,1790.04233,1798.029286,1811.311735,1816.096591,1817.451346,1818.614898,1821.894028,1837.760748,1846.372524,1855.532055,1856.306526,1860.64856,1868.533174,1878.726872,1888.93307,1891.082627,1877.328057,1867.531422,1872.69969,1900.334785,1932.640512,1969.1332,1999.011297,2024.01012,2038.827328,2058.200406,2086.766331,2121.04488,2165.959371,2205.393843,2249.315683,2294.555701,2335.406739,2363.460695,2370.721166,2359.932859,2384.556651,2409.155171,2459.054027,2476.567057,2505.424722,2522.184158,2541.007139,2556.865037,2551.005527,2554.444827,2542.773081
Santa Clara County,2649.706062,2676.441767,2666.876162,2685.256635,2711.867516,2739.082734,2755.808502,2761.965813,2777.307969,2797.737986,2811.073232,2849.632741,2860.790666,2862.258505,2833.943609,2812.772953,2817.209799,2800.944807,2808.431748,2779.007414,2785.325175,2780.593204,2806.682596,2845.009485,2865.291238,2875.44195,2863.35357,2862.836166,2874.826115,2875.696401,2895.160519,2882.791544,2896.364706,2892.093551,2913.136093,2946.695482,2967.535447,2982.30568,2971.416327,2973.413788,2980.242357,2989.887506,3002.764056,3000.79323,3009.805675,3010.504207,3025.255616,3053.874465,3071.651717,3077.246914,3056.980358,3045.59208,3049.829022,3061.346394,3074.747447,3071.460973,3081.335846,3090.274606,3111.049818,3140.870663,3154.037144,3133.159757,3075.37339,3022.60798,2987.154987,2948.030271,2923.46455,2891.946711,2884.874272,2863.524766,2862.823946,2864.212634,2873.463607,2887.774785,2904.305581,2932.386175,2971.979245,3013.10121,3051.654843,3077.822907,3100.397927,3118.282901,3143.878505,3178.475673,3206.375293,3237.473011,3249.060635,3279.086808,3305.408984,3333.418026,3346.569695,3342.409443
Alameda County,2182.299239,2217.009463,2230.838872,2247.717665,2270.310716,2303.455049,2326.500771,2345.142696,2360.634117,2370.975945,2392.809818,2408.295907,2437.980164,2447.778879,2455.208079,2457.80322,2473.787345,2479.271397,2475.334933,2466.444869,2465.273361,2475.57111,2482.961708,2509.278646,2526.633864,2538.190736,2531.597263,2545.143207,2565.304768,2575.550161,2567.391432,2560.369751,2566.445701,2581.712014,2595.374988,2607.884637,2619.253495,2627.490568,2628.719615,2633.980524,2645.196012,2653.490427,2652.67837,2655.389278,2656.562631,2673.494968,2682.990868,2698.190165,2704.870512,2709.822458,2708.362788,2711.93947,2720.080578,2722.32129,2721.187299,2713.064016,2718.209595,2733.449543,2759.594074,2774.342641,2777.229545,2764.852066,2744.591347,2725.343728,2713.819953,2691.280693,2675.46949,2653.8131,2661.577641,2650.162496,2650.981781,2643.452698,2658.645517,2669.81172,2684.109186,2707.115163,2741.300827,2764.004934,2775.087327,2783.177459,2797.13312,2833.717508,2847.930874,2878.492206,2882.271674,2904.712241,2913.684669,2928.747853,2942.828461,2945.639384,2937.671944,2923.818645
Sacramento County,1267.991306,1274.048598,1279.56265,1286.33731,1292.43339,1306.734422,1319.492153,1330.637703,1335.326923,1339.84658,1347.817462,1354.786365,1365.270672,1378.104333,1393.209764,1405.957548,1411.416921,1423.216994,1421.948201,1430.444005,1435.902667,1454.472358,1464.178399,1477.186805,1491.434984,1503.965956,1519.443061,1530.378316,1542.973157,1552.517271,1563.652073,1575.449778,1579.052517,1582.465685,1586.625118,1594.581233,1601.745523,1609.890742,1620.675883,1632.321614,1640.077814,1649.764025,1652.818479,1662.124436,1668.156718,1678.472643,1681.696936,1689.205955,1696.948974,1708.405227,1712.152968,1719.022174,1722.482104,1728.253574,1735.172607,1742.919683,1754.619657,1753.907065,1761.235851,1769.66814,1777.449596,1777.764268,1767.593221,1771.509444,1781.00029,1799.699355,1821.128819,1838.553973,1860.079409,1870.845382,1886.028762,1896.015428,1910.90541,1934.542827,1973.866737,2009.246768,2046.053571,2068.992166,2089.873292,2102.316275,2117.651582,2132.084714,2141.807122,2149.072967,2166.397816,2182.923519,2195.838768,2205.647801,2209.978573,2212.818473,2208.427587,2214.477735
Contra Costa County,2040.831794,2049.21058,2050.964252,2072.833093,2099.444774,2121.455126,2133.733088,2146.145699,2158.824287,2169.697638,2173.992051,2202.260992,2217.866086,2240.476614,2251.604794,2264.867087,2277.192675,2277.115829,2268.40084,2269.245089,2279.832661,2297.811524,2299.023217,2311.829969,2326.208658,2344.216641,2350.896573,2366.215039,2376.25878,2385.035642,2394.344596,2392.91528,2411.944223,2418.020049,2436.825371,2439.036794,2451.77511,2463.614719,2464.812324,2465.697617,2465.339724,2474.15031,2481.837657,2493.653837,2514.961191,2531.272419,2539.560919,2543.523401,2551.114971,2556.85742,2566.380766,2567.19949,2574.314963,2569.597119,2575.461519,2575.881705,2592.777249,2602.861961,2614.742404,2620.045121,2624.599995,2620.519945,2623.688913,2615.425777,2612.769489,2608.347948,2615.824442,2631.546188,2651.725969,2671.918377,2682.242704,2692.120904,2699.886923,2718.808952,2731.306046,2750.654105,2765.454394,2797.886347,2816.141571,2840.186494,2866.174522,2885.48371,2895.798519,2900.609775,2927.044655,2953.116411,2970.376588,2968.728953,2976.627825,2992.198368,2997.405022,3000.239415
Fresno County,1174.055963,1179.137937,1181.191081,1186.714245,1193.019788,1188.459229,1185.404378,1188.615716,1197.598457,1206.504739,1206.366977,1209.762697,1216.469212,1219.425763,1225.613356,1227.366926,1239.921859,1244.669153,1249.456002,1243.910065,1247.787007,1251.236512,1257.690367,1262.747,1269.938456,1278.046789,1290.376193,1298.28062,1312.619331,1314.459223,1319.759086,1324.721606,1328.224318,1335.86711,1331.350572,1340.713695,1344.95548,1352.672532,1360.598556,1361.548732,1377.278427,1379.336086,1388.390146,1392.506514,1397.4789,1408.886754,1409.384523,1426.643066,1431.80982,1443.371233,1442.217596,1448.615005,1461.593298,1473.446657,1481.317509,1485.799757,1492.948155,1503.529447,1514.117505,1525.378975,1527.766458,1510.15729,1498.538231,1500.344878,1516.428233,1534.713101,1551.825693,1573.198598,1589.410898,1599.751627,1617.534427,1635.20424,1663.640123,1699.805244,1744.922944,1788.634097,1837.848542,1882.604097,1908.036248,1903.000572,1903.133946,1898.572412,1909.455456,1906.734197,1921.480207,1936.924833,1960.681179,1973.472627,1966.512752,1967.173844,1970.725947,2001.487963
Kern County,1069.150453,1080.279536,1079.982424,1082.292421,1081.389418,1073.709827,1072.11389,1073.365979,1077.477124,1072.67298,1071.001759,1079.223212,1087.668463,1094.874798,1091.974592,1097.00845,1103.365351,1103.189937,1100.807451,1098.807398,1103.207246,1103.821423,1108.739122,1113.100363,1121.016298,1125.882108,1130.327844,1134.280037,1137.533932,1134.48727,1137.626998,1139.348743,1146.373631,1144.935973,1152.365796,1156.343368,1163.100833,1166.524194,1169.816699,1177.934387,1181.352699,1180.930848,1182.311605,1189.61555,1196.236373,1198.931719,1201.878228,1209.598643,1217.180973,1226.614209,1232.628573,1244.028442,1245.979045,1246.532013,1246.279738,1255.448131,1261.76581,1264.677422,1268.176084,1281.032008,1282.850503,1284.565367,1280.680622,1298.119999,1320.862008,1348.015988,1359.700134,1368.814825,1374.777231,1382.688799,1399.381282,1410.329335,1428.016792,1439.961835,1461.229617,1481.796305,1493.717368,1500.858158,1542.574434,1565.398007,1614.428882,1627.22245,1641.239207,1667.131431,1676.029893,1700.84762,1722.069688,1745.262611,1760.893963,1751.753299,1752.759322,1770.195775
San Francisco County,3319.515195,3353.022534,3366.250901,3349.011782,3380.167669,3392.650512,3391.491995,3394.737902,3382.713647,3414.872533,3446.869102,3485.035796,3508.256903,3493.072267,3466.210777,3435.843243,3442.351153,3427.031786,3398.70994,3346.227717,3314.339498,3313.069512,3327.880427,3361.508796,3395.32129,3413.842292,3429.894172,3421.925955,3434.116082,3418.645959,3421.287562,3422.374242,3413.330789,3415.958264,3429.087091,3466.472757,3504.209141,3513.269499,3512.257454,3497.096687,3508.822647,3518.381325,3526.484365,3515.056339,3514.712522,3533.689855,3548.214772,3575.618045,3596.898785,3618.573358,3610.644545,3609.279086,3622.365986,3624.499731,3611.48759,3588.234025,3583.201348,3599.475287,3618.560048,3650.574437,3653.7694,3640.808779,3587.787699,3526.140023,,,,3110.770676,3057.347333,3025.838422,3025.262956,3029.661439,3074.668972,3106.792211,3148.608318,3190.895087,3266.706028,3329.409427,3371.172529,3370.683913,3375.211678,3388.070281,3421.956055,3454.747438,3488.147326,3508.63153,3523.412491,3516.84164,3509.311,3515.457489,3540.482744,3554.315163
Ventura County,1975.048701,1991.106937,2015.837304,2018.013392,2032.012622,2040.602099,2054.080608,2060.53379,2060.35047,2059.518508,2056.583698,2057.420202,2074.957615,2084.569199,2096.222631,2095.682221,2117.121981,2130.440571,2137.119455,2147.731791,2153.373202,2158.525856,2152.656192,2159.660736,2180.615617,2194.962709,2209.607675,2209.886369,2220.909546,2226.805997,2238.882227,2242.473188,2239.786568,2247.726028,2253.526207,2273.502309,2277.368901,2281.138916,2282.061509,2294.115579,2312.515348,2324.803352,2326.322489,2337.525468,2339.927083,2346.370014,2345.910469,2351.507911,2362.007631,2355.544957,2358.570047,2369.058891,2392.606656,2397.521285,2394.71084,2396.081761,2408.357121,2414.700002,2420.304679,2419.977557,2418.306945,2402.974964,2396.459301,2394.386214,2412.261904,2422.26148,2440.089751,2457.64817,2478.607509,2508.304209,2529.760345,2540.278011,2558.331812,2606.703183,2645.842372,2689.648458,2702.730871,2735.73489,2770.089456,2807.94721,2837.15112,2864.458956,2883.779719,2915.26763,2924.520403,2954.457296,2980.33934,2983.703187,2980.475027,2978.274597,2992.549786,3003.450439
San Mateo County,2820.641671,2820.302709,2858.211478,2871.901778,2913.220701,2934.627799,2972.875575,2998.760572,3007.268346,3008.077765,3019.257169,3031.475272,3046.367154,3042.09412,3032.495635,3025.379569,3028.734503,3058.759081,3055.767515,3071.721945,3072.821859,3074.23914,3090.940894,3102.970958,3120.016196,3108.406438,3104.922755,3104.925149,3117.767383,3131.093219,3156.269222,3168.244208,3162.805438,3177.467106,3195.669033,3202.809096,3176.892406,3158.64495,3179.588255,3203.292107,3238.754745,3247.495922,3248.868435,3249.166859,3258.066245,3275.745145,3309.456837,3324.403464,3342.271383,3324.364778,3320.056618,3325.926351,3351.82331,3366.166945,3365.692795,3344.901268,3347.512785,3355.10499,3396.489183,3418.69784,3435.00072,3403.555519,3362.311435,3296.779717,3254.378968,3199.327509,3155.846859,3117.301918,3089.220764,3081.035078,3076.488446,3079.00235,3077.751075,3077.147898,3088.701447,3110.144555,3166.928132,3217.044525,3253.66947,3261.86931,3274.864207,3315.396737,3345.816757,3383.613145,3401.540079,3422.707413,3440.470196,3449.205547,3460.594748,3465.176325,3470.310169,3465.984145
San Joaquin County,1384.393081,1400.294466,1408.7684,1417.424237,1417.110063,1433.57502,1442.508458,1462.009362,1463.845245,1473.589183,1482.297924,1498.636611,1510.135504,1521.155267,1524.371974,1541.715596,1551.891172,1561.716218,1570.5463,1582.770701,1596.750999,1613.842251,1625.64792,1633.27543,1630.208863,1645.608176,1653.666531,1666.952085,1675.317878,1697.526964,1713.294833,1715.968451,1708.85672,1716.978322,1731.97376,1742.877025,1750.384153,1760.200433,1770.761246,1777.338648,1784.814531,1798.489558,1806.75567,1811.569776,1818.399522,1824.435707,1833.219954,1830.30897,1841.123052,1854.180328,1863.562532,1872.05971,1877.992063,1886.778312,1887.476353,1894.928689,1905.473776,1930.296614,1951.507758,1965.411841,1964.990598,1961.959965,1961.198463,1962.305966,1969.108611,1987.255373,2004.739328,2022.291563,2038.391536,2079.124796,2110.895277,2124.905822,2150.350331,2179.544872,2251.79075,2292.555072,2327.987527,2336.941749,2346.103901,2356.258503,2351.387471,2360.804296,2378.253985,2414.409757,2441.499243,2470.253011,2480.028327,2479.082018,2467.059963,2462.443846,2461.619244,2455.431984
Stanislaus County,1029.371045,1031.729335,1049.074367,1059.619389,1073.007433,1074.640056,1085.369438,1088.893473,1093.06295,1092.660901,1096.135698,1109.88311,1130.866325,1148.012545,1157.666384,1166.587786,1176.428418,1187.75826,1190.320969,1200.628786,1207.375657,1207.28703,1215.12201,1230.827794,1244.448881,1253.46368,1260.55465,1280.720133,1291.250985,1295.805027,1315.572398,1309.405851,1310.554359,1280.568013,1293.668918,1300.609677,1328.256338,1337.944015,1351.718964,1360.488029,1368.474828,1380.419685,1389.472047,1403.28878,1403.739551,1412.555421,1408.010416,1410.825997,1403.441094,1410.09854,1421.41753,1432.989807,1442.179157,1448.670281,1452.690469,1467.006526,1470.495488,1487.548987,1488.922825,1503.053231,1512.891869,1515.566074,1517.235156,1522.321457,1544.035576,1556.810586,1559.729632,1589.363138,1609.101022,1634.789916,1643.825657,1656.943901,1683.97183,1692.195732,1732.065124,1753.760736,1791.198344,1800.113888,1810.407684,1819.202656,1847.53834,1872.702656,1900.578668,1909.824976,1927.325042,1949.521893,1950.511662,1949.435016,1939.826852,1961.20351,1964.130272,1960.768993
Sonoma County,1840.096216,1874.160781,1892.864416,1893.347574,1889.18388,1892.873232,1900.239158,1908.111417,1938.104474,1963.102212,1986.88106,1993.881921,2032.339957,2041.183589,2064.092359,2058.519923,2070.858906,2071.056813,2065.58654,2079.045087,2090.77593,2085.529959,2081.933557,2102.165953,2122.616553,2144.689293,2145.204529,2156.663367,2158.770953,2162.575607,2173.151016,2189.72286,2234.755068,2263.940638,2301.205975,2314.375417,2331.096818,2337.106316,2331.234527,2332.327786,2328.802741,2317.408461,2310.644125,2309.675718,2317.481771,2318.428888,2309.612433,2315.315524,2328.27906,2334.4481,2336.009874,2321.449191,2318.549243,2311.747479,2310.055266,2308.1221,2319.235995,2330.384016,2341.120885,2344.024192,2349.723356,2351.451089,2336.593466,2324.52832,2326.787995,2327.958856,2349.161211,2360.64285,2385.758523,2381.378701,2373.54793,2379.132917,2394.285328,2418.704549,2442.834982,2462.130772,2486.502802,2508.831968,2566.542861,2588.75916,2606.487905,2598.664838,2631.157935,2670.709826,2709.088636,2742.592507,2750.558736,2746.055297,2744.401997,2734.481156,2743.878191,2737.10144
Tulare County,1146.800958,1140.622578,1146.673792,1147.820984,1156.315456,1150.088876,1156.507949,1152.226933,1171.019333,1179.674627,1189.807167,1182.818128,1181.978228,1180.202379,1189.319717,1192.04226,1190.665284,1198.211999,1193.464505,1200.509671,1206.085083,1218.156077,1224.88429,1225.981862,1225.122982,1220.996056,1224.651386,1232.668722,1248.756771,1253.76431,1251.908142,1246.781222,1257.841909,1265.99368,1275.144731,1278.050676,1280.137334,1274.857067,1267.199851,1273.613942,1277.615178,1296.263182,1298.929546,1299.522029,1294.506833,1296.60873,1306.548455,1309.028225,1312.702744,1315.342682,1317.204707,1323.932901,1334.593346,1351.193058,1360.385583,1357.796895,1361.902402,1356.853498,1365.339975,1379.906411,1386.003773,1380.541425,1364.033812,1366.167391,1378.182508,1397.970898,1401.793073,1402.129685,1401.670653,1419.812147,1442.873087,1458.803319,1493.991735,1523.718819,1553.362821,1579.929051,1606.539106,1623.310229,1628.073651,1689.144447,1746.462277,1804.594986,1784.014009,1776.932607,1760.03219,1730.929671,1813.175753,1856.40113,1923.412115,1906.392351,1890.998885,1874.886364
Santa Barbara County,2062.116244,2035.293267,2058.01545,2057.53935,2075.97561,2075.196733,2080.728036,2121.792081,2150.417537,2177.882631,2180.227959,2201.144221,2198.197748,2180.786706,2174.358353,2165.666902,2163.245427,2167.642944,2196.648099,2226.731078,2236.014454,2235.548956,2246.061165,2280.717143,2279.127741,2275.859197,2267.103148,2267.669858,2271.252072,2273.072564,2294.172816,2309.257798,2323.383685,2326.996752,2345.561101,2376.331305,2378.240084,2354.999646,2346.401667,2358.19418,2376.916574,2375.83589,2379.481266,2409.140362,2436.676868,2468.374398,2487.567638,2503.360535,2481.311694,2453.428549,2467.799239,2490.019496,2507.923574,2510.267025,2528.215752,2547.578782,2556.872015,2572.902948,2595.932103,2624.17932,2599.087365,2589.235143,2576.173533,2614.293948,2621.798482,2632.091777,2634.297599,2651.326462,2688.179932,2733.093671,2752.432284,2784.919464,2824.407042,2893.303533,2910.313144,2923.898174,2993.533683,3103.93447,3209.336922,3214.250726,3279.167157,3341.604933,3393.078915,3417.723148,3425.3491,3541.821647,3576.617056,3653.050028,3619.418586,3648.155855,3626.816063,3619.754103
Solano County,1534.884182,1546.315095,1546.23218,1556.174637,1567.160077,1590.015924,1605.082886,1615.682801,1618.961791,1622.276782,1633.608558,1637.890932,1658.751352,1674.588166,1686.260416,1694.980507,1695.132709,1711.391517,1721.978026,1732.268129,1743.077025,1754.089142,1771.269879,1780.305771,1789.113642,1791.440475,1802.252407,1817.485637,1835.489526,1847.636713,1853.82679,1860.513014,1870.248552,1872.616053,1874.512414,1883.447574,1904.100334,1919.216218,1922.426006,1927.98695,1935.422596,1946.039509,1956.463909,1967.205291,1976.189,1989.643893,1994.675524,2008.65023,2012.309455,2027.818457,2035.425839,2040.99672,2039.918783,2049.858391,2059.721009,2082.129796,2082.26484,2086.104481,2085.851616,2102.859888,2106.141924,2105.03252,2090.118788,2089.656566,2094.000181,2118.342999,2142.756541,2171.14961,2193.832839,2210.706052,2235.653659,2234.996958,2240.174942,2235.486562,2256.352679,2285.095844,2321.661263,2352.055503,2374.555341,2393.352479,2408.558412,2421.002862,2425.018893,2445.981571,2457.872834,2476.303349,2494.704064,2513.291989,2530.211849,2521.777796,2514.921489,2500.270897
Monterey County,1520.955013,1518.030482,1519.612703,1536.009528,1542.019329,1541.675388,1534.408744,1537.628589,1554.326051,1579.245198,1608.091346,1622.554116,1631.50729,1647.832427,1672.814612,1676.493797,1689.202077,1687.364199,1702.718111,1703.103163,1724.892591,1721.356882,1747.764572,1764.622182,1783.543114,1784.820989,1794.814814,1810.878451,1818.265879,1814.019085,1819.257733,1820.825422,1844.96377,1846.309244,1852.660379,1845.532932,1862.039278,1871.662717,1899.239897,1905.13518,1929.066083,1931.744511,1943.605765,1938.018709,1944.66682,1934.124389,1940.151446,1954.888279,1966.445467,1972.775072,1980.574377,1991.707971,2014.845718,2011.363847,2025.218228,2022.627722,2038.859955,2036.340025,2051.615471,2049.646342,2057.498706,2035.93411,2031.66126,2025.346466,2044.675413,2058.447034,2077.843846,2091.220459,2123.32007,2136.417477,2144.74017,2153.410432,2159.196418,2180.903961,2194.338221,2203.315523,2227.32555,2232.66495,2284.313363,2294.718873,2335.509108,2343.831874,2388.537694,2381.096055,2379.846057,2374.496372,2412.266736,2448.358397,2465.976188,2464.753775,2493.452743,2508.50551
Placer County,1582.491469,1604.689946,1614.891756,1618.292656,1611.813876,1620.442943,1634.15954,1637.488739,1635.518121,1656.360768,1667.6513,1678.998143,1666.847676,1675.646079,1692.278607,1703.843505,1725.686494,1735.105722,1734.204993,1734.774563,1740.314623,1742.864028,1749.841138,1759.836694,1785.916726,1800.969045,1813.26846,1828.535462,1844.279931,1859.573447,1862.58707,1867.618953,1857.03669,1863.219364,1864.179187,1880.230369,1887.280946,1895.973863,1902.849404,1911.983513,1923.924501,1932.29329,1941.792673,1941.080616,1942.035003,1942.594129,1957.864781,1973.880326,1990.926611,1996.247978,2000.47252,2006.523852,2013.793725,2029.930852,2036.888033,2042.497204,2036.671459,2035.495336,2032.046353,2037.449589,2041.999708,2037.829009,2029.3282,2028.340402,2054.022467,2089.387678,2125.978932,2152.973956,2182.921003,2194.347793,2210.902815,2222.650069,2244.795914,2277.052606,2317.500007,2368.146062,2408.391353,2446.350945,2476.487992,2484.109768,2500.947247,2500.361425,2506.41169,2505.187217,2519.152469,2536.533766,2551.546806,2561.299172,2570.976924,2562.958981,2560.016531,2567.1947
San Luis Obispo County,1695.056635,1720.878954,1711.800987,1704.997973,1717.575769,1739.549328,1783.963474,1799.52968,1794.886393,1771.113143,1788.412503,1822.760634,1830.056591,1837.734849,1824.675071,1839.423213,1858.510318,1870.959637,1880.369899,1890.04699,1898.52832,1914.534797,1912.034704,1934.815244,1951.160182,1960.473892,1945.934705,1948.270977,1958.14557,1959.346515,1966.814095,1981.976617,2028.012513,2043.530331,2061.766322,2053.327506,2049.031939,2041.299096,2024.932181,2039.567741,2048.320902,2068.602681,2087.006533,2089.871837,2108.76404,2130.14897,2160.838698,2154.990481,2130.478268,2118.665308,2127.992169,2136.629335,2141.515303,2134.632844,2141.800355,2162.171848,2156.146915,2170.098745,2180.261995,2219.358443,2224.780233,2217.730884,2205.481017,2203.234825,2207.848417,2221.381081,2221.309967,2251.982762,2256.127976,2302.086051,2300.45663,2322.888415,2318.583575,2329.371279,2339.244756,2352.904515,2377.457882,2411.885302,2460.783284,2526.382187,2559.813761,2581.764502,2569.727046,2596.107207,2617.151466,2686.903054,2727.854449,2756.492038,2757.747519,2732.638047,2730.895526,2721.638889
Santa Cruz County,2020.68453,2056.040201,2082.252104,2018.018341,2034.403064,2075.507788,2151.809624,2239.298855,2245.147001,2251.582539,2237.967474,2260.950337,2257.398419,2244.518696,2268.867352,2281.57584,2228.769733,2219.88193,2263.603754,2339.712389,2380.164311,2361.676532,2379.882764,2334.449783,2363.08445,2386.303236,2448.642209,2438.283789,2419.058472,2403.780347,2431.001053,2479.838954,2514.198407,2541.835263,2514.228395,2505.320103,2522.688927,2583.133285,2600.72186,2592.958842,2583.143008,2606.072079,2603.128085,2623.906246,2643.064449,2656.594856,2663.42068,2664.303397,2682.357303,2661.429975,2672.496318,2673.058771,2684.186133,2676.320502,2693.151089,2729.23001,2735.030635,2724.945121,2734.010212,2762.335718,2788.812568,2766.290559,2748.767336,2705.919167,2696.181692,2687.096317,2724.325569,2774.916692,2824.759992,2800.132877,2786.022237,2803.791572,2846.181334,2909.456686,2907.21495,2942.941486,2940.17805,3023.695488,3095.011172,3164.602385,3192.426385,3211.344342,3263.589666,3235.526209,3272.223665,3272.943277,3358.536264,3376.836399,3422.423742,3443.242279,3490.999651,3524.875926
Merced County,1043.258191,1056.364008,1059.866148,1062.959304,1072.198148,1075.959454,1078.763337,1082.298122,1083.216833,1088.047959,1096.763915,1108.870677,1119.805521,1130.711255,1143.508731,1152.602711,1152.369131,1160.582099,1167.900022,1179.277023,1183.486826,1193.789313,1200.213145,1212.458763,1218.87812,1235.600641,1243.732692,1256.371554,1263.954588,1270.739279,1274.465128,1277.454523,1277.7032,1291.411301,1301.911414,1319.146568,1325.158938,1335.586606,1338.464524,1347.126279,1349.260812,1359.011383,1357.232015,1366.082358,1365.959818,1373.261438,1385.106302,1381.443153,1402.914493,1395.917751,1422.062424,1425.552197,1443.224288,1454.554532,1457.576109,1463.184867,1459.330698,1464.10599,1471.647076,1477.568064,1481.738984,1481.639911,1479.526141,1478.261041,1488.504734,1499.123228,1514.736686,1559.343892,1597.260956,1618.50212,1609.007914,1607.69399,1591.583668,1601.453278,1626.651922,1700.678423,1775.108681,1831.606162,1870.339747,1858.771091,1894.939322,1895.480242,1929.39276,1915.49966,1953.731262,1954.819935,1948.22014,1932.237249,1921.307992,1954.723842,1977.222539,1997.004825
Marin County,3012.261154,3021.302084,3035.633861,3084.932476,3114.000449,3135.387493,3152.838459,3169.28881,3179.989611,3212.023572,3168.914336,3158.907429,3127.324773,3171.996291,3193.627879,3232.533082,3262.082917,3257.159904,3235.516964,3210.12984,3206.086893,3193.774319,3207.181827,3208.883854,3245.701001,3246.861902,3304.472279,3306.348668,3340.048664,3325.893792,3363.704882,3354.259822,3383.830708,3360.182832,3354.086507,3308.181081,3325.576542,3345.34167,3410.960622,3408.710866,3423.783362,3409.809552,3444.796944,3471.804699,3479.688507,3454.228845,3411.336411,3372.687965,3400.531781,3426.987794,3497.337548,3504.62886,3534.465253,3531.251147,3553.407977,3568.956667,3581.465468,3565.324568,3558.196521,3542.233058,3558.549062,3557.120082,3549.345236,3545.138224,3527.301424,3549.194438,3568.511155,3580.74124,3586.894552,3586.144963,3572.259948,3563.854472,3550.531096,3583.249077,3645.386374,3688.110487,3725.462154,3766.244133,3800.394215,3831.482633,3858.339465,3877.840224,3928.303504,3917.779426,3972.414669,3983.47468,4039.04619,4055.194635,4033.748708,4026.045653,4004.363155,4016.888623
Butte County,1069.719953,1080.960072,1080.767917,1092.625149,1094.11594,1096.557147,1102.653343,1101.287142,1104.137598,1094.76892,1096.886037,1112.691465,1125.295421,1139.954483,1137.242982,1143.963273,1137.888905,1144.564347,1149.541538,1165.920141,1166.387332,1168.594849,1171.362192,1182.659023,1190.10769,1197.479857,1195.765043,1195.250558,1187.66409,1188.096482,1194.44435,1202.829176,1201.969599,1211.391302,1221.404867,1238.682886,1241.928267,1247.861301,1245.568843,1253.639666,1245.033304,1249.412949,1239.840132,1252.952877,1250.618049,1269.620595,1290.828357,1318.985249,1334.316577,1341.698766,1351.031298,1369.439274,1366.342516,1371.837388,1377.76013,1383.846665,1402.373296,1398.902031,1409.438662,1400.077602,1403.226478,1396.508887,1388.71863,1388.385057,1403.539806,1402.277015,1413.975016,1400.367875,1434.188668,1440.862589,1470.133787,1457.055015,1451.038457,1452.463267,1467.083211,1498.105694,1500.213666,1522.338564,1545.644308,1556.535508,1540.107861,1535.746005,1552.230743,1592.145993,1585.802755,1588.238128,1579.872675,1593.358685,1616.010602,1636.895161,1650.38662,1658.990885
Yolo County,1451.833269,1475.474553,1524.044243,1531.247369,1535.993477,1531.683742,1540.537008,1543.006305,1549.83776,1569.272056,1569.112235,1582.085699,1579.282168,1612.604671,1644.82157,1668.195908,1681.102624,1698.576916,1686.726669,1693.491933,1680.340115,1700.488855,1676.382816,1697.689658,1712.555619,1743.312286,1741.284038,1743.958835,1746.778804,1763.670425,1780.313795,1794.403823,1815.722956,1802.744141,1795.637401,1808.050994,1843.343885,1869.150123,1860.168968,1869.224746,1886.480026,1920.878797,1907.970097,1917.67297,1907.10459,1935.869439,1935.43915,1950.031105,1967.631554,1985.188912,1985.877321,1983.539824,1997.072916,2011.459253,2014.915984,2009.509299,2015.980702,2009.697277,2019.959507,2050.954018,2084.652958,2094.641952,2056.651611,2046.671694,2032.855392,2047.439673,2056.851395,2079.591078,2099.61837,2089.54477,2086.822065,2094.507077,2113.242526,2120.931664,2140.919947,2179.389102,2222.828186,2248.651072,2288.269176,2295.958115,2308.263397,2319.311711,2329.813555,2340.02615,2341.205793,2365.619637,2399.319913,2411.013659,2436.759801,2459.337423,2476.694051,2475.847222
El Dorado County,1467.777371,1468.740257,1471.753747,1493.299819,1494.246987,1502.410686,1495.407937,1523.56416,1550.993147,1578.32488,1575.165778,1599.136765,1596.634846,1612.455022,1601.268221,1602.450281,1607.958941,1618.792595,1638.271276,1651.229396,1654.614419,1680.203654,1686.036848,1711.306088,1702.083631,1717.855708,1727.936277,1752.24009,1757.38232,1744.52914,1734.053669,1748.219698,1790.5236,1812.053727,1821.404023,1806.562854,1801.150239,1809.912176,1832.930056,1857.965867,1869.464643,1858.913942,1852.466478,1842.659542,1865.592228,1875.744932,1896.797603,1901.447752,1910.812493,1917.841929,1928.387996,1943.826456,1947.011717,1937.965329,1924.276336,1927.394853,1953.218004,1962.784146,1960.36728,1945.019336,1941.229,1938.001829,1933.689597,1959.015537,1993.662662,2048.21757,2104.559101,2170.985483,2226.001375,2267.81832,2251.94289,2261.786787,2231.692885,2257.992905,2345.279222,2411.911611,2484.274257,2453.27705,2487.559987,2517.496757,2513.09693,2476.932516,2463.494868,2474.340483,2536.006338,2565.991732,2632.916365,2645.993169,2685.661363,2667.092987,2648.263215,2624.78149
Imperial County,,,,,,,,,,,,,,,,,,,,,,,,,,,,,,,,,,,,,,,,,,,,,,,,,,,,,,,,,,,,,,,,,,,,,,,,,,,,,,,,,,,,,,,,,1298.359718,1350.89714,1438.837535,1431.944444
Shasta County,977.1831792,964.0989166,991.9761103,999.7485538,1003.917931,987.9711683,992.4072594,1011.094105,1026.375738,1028.294305,1031.170189,1024.234071,1026.827988,1019.823962,,1015.870579,1024.043283,1035.040712,1049.403332,1064.676257,1074.750419,1066.984526,1061.229091,1053.218737,1064.793793,1064.673778,1069.935734,1064.807631,1066.045262,1076.320755,1091.697713,1097.793841,1111.742333,1105.460741,1110.39914,1094.651327,1106.381308,1105.262602,1121.800012,1121.264567,1127.936379,1140.015951,1150.048923,1159.575942,1164.711286,1166.468905,1173.898277,1167.858948,1171.392563,1169.257871,1184.972184,1196.190568,1208.739739,1216.704272,1223.614516,1235.014474,1243.577668,1246.676127,1250.182082,1244.359308,1248.688982,1244.267942,1250.620026,1258.489974,1267.603664,1270.239438,1270.483147,1293.930696,1308.538453,1319.490932,1307.793694,1310.319322,1336.719982,1347.345614,1358.802959,1367.404469,1395.068636,1420.114905,1453.717663,1449.903775,1464.497865,1456.512816,1474.274021,1456.255368,1459.570576,1488.865495,1545.161403,1550.231529,1573.946217,1580.414707,1592.199541,1556.875
Madera County,,,,,,,,,,,,,,,,,,,,,,,,,,,,,,,,,,,,,,,,,,,,,,,,,,,,,,,,,,,,,,,,,,,,,,,,,,,,,,,,,,,,,,,1976.937678,2052.675191,2176.323083,2232.678198,2152.664185,2061.111111
Kings County,,,,,,,,,,,,,,,,,,,,,,,,,,,,,,,,,,,,,,,,,,,,,,,,,,,,,,,,,,,,,,,,,,,,,,,,,,,,,,,,,,,,,,,1620.705577,1650.753637,1592.929076,1635.951911,1688.523896,1706.0
Napa County,2314.575166,2148.652699,2140.593497,2054.260247,2146.714194,2208.280369,2291.647875,2391.649744,2356.44286,2337.548632,2395.426192,2427.968862,2462.56608,2270.43421,2213.004179,2140.35225,2237.664984,2324.172855,2381.614426,2399.806816,2383.785964,2359.868986,2424.219962,2430.414174,2457.21629,2340.602479,2351.919678,2272.609456,2328.589922,2367.911931,2448.599316,2512.815225,2502.79499,2520.050383,2552.545308,2592.596359,2606.192432,2502.418618,2502.777633,2468.377814,2513.696973,2583.719489,2603.925401,2655.627291,2577.850199,2589.895857,2625.770242,2697.546131,2730.42166,2625.385655,2600.88905,2526.033944,2585.81768,2646.021239,2706.81451,2760.898968,2717.149888,2683.10836,2708.715331,2731.561103,2762.17401,2698.924253,2732.731535,2704.449688,2712.366753,2713.929263,2771.238747,2791.67471,2802.046721,2809.165151,2835.561304,2840.453522,2834.751038,2806.522912,2827.04276,2828.702954,2906.434956,2964.067739,3006.07872,3005.504126,2993.093657,3025.481377,3032.880509,3048.243041,3097.611018,3161.076022,3204.995678,3197.438101,3208.454497,3214.772566,3219.080132,3201.00793
Humboldt County,,,,,,,,,,,,,,,,,,,,,,,,,,,,,,,,,,,,,,,,,,,,,,,,,,,,,,,,,,,,,,,,,,,,,,,,,,,,,,,,,,,,,,1298.275163,1254.988786,1253.333516,1261.684777,1297.891822,1321.535599,1323.0
Nevada County,,,,,,,,,,,,,,,,,,,,,,,,,,,,,,,,,,,,,,,,,,,,,,,,,,,,,,,,,,,,,,,,,,,,,,,,,,,,,,,,,,,2462.304287,2655.160645,2691.569584,2767.357495,2864.807313,2914.11172,2836.184204,2613.845492,2613.969623,2623.819444
Sutter County,,,,,,,,,,,,,,,,,,,,,,,,,,,,,,,,,,,,,,,,,,,,,,,,,,,,,,,,,,,,,,,,,,,,,,,,,,,,,,,,,,,,,2038.824613,2078.016092,2143.06466,2161.950113,2112.276562,2066.841339,2114.583513,2153.583333
Mendocino County,,,,,,,,,,,,,,,,,,,,,,,,,,,,,,,,,,,,,,,,,,,,,,,,,,,,,,,,,,,,,,,,,,,,,,,,,,,,,,,,,,,,,,,,,,,,1800.0
Yuba County,,,,,,,,,,,,,,,,,,,,,,,,,,,,,,,,,,,,,,,,,,,,,,,,,,,,,,,,,,,,,,,,,,,,,,,,,,,,,,,,,,,,,2172.022433,2307.188128,2365.53207,2412.641506,2284.506427,2272.756633,2248.428991,2254.92619
Lake County,,,,,,,,,,,,,,,,,,,,,,,,,,,,,,,,,,,,,,,,,,,,,,,,,,,,,,,,,,,,,,,,,,,,,,,,,,,,,,1527.512916,1503.986,1523.538282,1531.303874,1564.410435,,1540.572911,1504.206593,1489.19529,1519.01806,1596.693874,1624.394821,1624.785875,1643.775677,1656.944444
San Benito County,,,,,,,,,,,,,,,,,,,,,,,,,,,,,,,,,,,,,,,,,,,,,,,,,,,,,,,,,,,,,,,,,,,,,,,,,,,,,,,,2157.376386,2135.281273,1988.871161,,1880.972523,2027.017173,2070.878047,2195.770706,2242.098356,2203.915703,2320.961904,,2455.555556
Tuolumne County,,,,,,,,,,,,,,,,,,,,,,,,,,,,,,,,,,,,,,,,,,,,,,,,,,,,,,,,,,,,,,,,,,,,,,,,,,,,,,,,,,,,,,,,,,,,1668.75
Lassen County,,,,,,,,,,,,,,,,,,,,,,,,,,,,,,,,,,,,,,,,,,,,,,,,,,,,,,,,,,,,,,,,,,,,,,,,,,,,,,,,,,,,,,,,,,,,1395.0
